[
{
  "model": "token_blacklist.blacklistedtoken",
  "pk": 1,
  "fields": {
    "token": 2,
    "blacklisted_at": "2026-03-30T11:54:56.649Z"
  }
},
{
  "model": "token_blacklist.blacklistedtoken",
  "pk": 2,
  "fields": {
    "token": 15,
    "blacklisted_at": "2026-03-30T17:32:38.545Z"
  }
},
{
  "model": "token_blacklist.blacklistedtoken",
  "pk": 3,
  "fields": {
    "token": 21,
    "blacklisted_at": "2026-03-30T20:05:52.032Z"
  }
},
{
  "model": "token_blacklist.blacklistedtoken",
  "pk": 4,
  "fields": {
    "token": 37,
    "blacklisted_at": "2026-03-31T13:41:22.403Z"
  }
},
{
  "model": "token_blacklist.blacklistedtoken",
  "pk": 5,
  "fields": {
    "token": 39,
    "blacklisted_at": "2026-03-31T13:46:00.392Z"
  }
},
{
  "model": "token_blacklist.blacklistedtoken",
  "pk": 6,
  "fields": {
    "token": 58,
    "blacklisted_at": "2026-03-31T22:35:20.597Z"
  }
},
{
  "model": "token_blacklist.blacklistedtoken",
  "pk": 7,
  "fields": {
    "token": 65,
    "blacklisted_at": "2026-03-31T23:10:37.617Z"
  }
},
{
  "model": "token_blacklist.blacklistedtoken",
  "pk": 8,
  "fields": {
    "token": 68,
    "blacklisted_at": "2026-04-02T16:23:17.828Z"
  }
},
{
  "model": "token_blacklist.blacklistedtoken",
  "pk": 9,
  "fields": {
    "token": 73,
    "blacklisted_at": "2026-04-02T17:57:09.915Z"
  }
},
{
  "model": "token_blacklist.blacklistedtoken",
  "pk": 10,
  "fields": {
    "token": 75,
    "blacklisted_at": "2026-04-02T17:59:55.960Z"
  }
},
{
  "model": "token_blacklist.blacklistedtoken",
  "pk": 11,
  "fields": {
    "token": 77,
    "blacklisted_at": "2026-04-02T18:14:35.090Z"
  }
},
{
  "model": "accounts.user",
  "fields": {
    "password": "pbkdf2_sha256$1000000$b8Mv2YWGAWOxaYAEsOin5G$C2ZmlX0zsteE5DKBlGVAeUHnM738leQiNMJQSvKYIaE=",
    "last_login": "2026-04-02T16:26:53.680Z",
    "is_superuser": true,
    "email": "admin@gmail.com",
    "phone": null,
    "role": "admin",
    "is_active": true,
    "is_verified": true,
    "is_staff": true,
    "date_joined": "2026-03-30T11:24:35.994Z",
    "groups": [],
    "user_permissions": []
  }
},
{
  "model": "accounts.user",
  "fields": {
    "password": "pbkdf2_sha256$1000000$kKVsaq5Zf9qBW4r79XS1Fp$sYhJYUTIQ+KBigY1+XgTJeM5Z3HLJ2te0q+Mu3vqkTE=",
    "last_login": null,
    "is_superuser": false,
    "email": "sekuqeb@mailinator.com",
    "phone": "+1 (344) 185-6295",
    "role": "patient",
    "is_active": true,
    "is_verified": true,
    "is_staff": false,
    "date_joined": "2026-03-30T11:42:55.431Z",
    "groups": [],
    "user_permissions": []
  }
},
{
  "model": "accounts.user",
  "fields": {
    "password": "pbkdf2_sha256$1000000$Z6wiuZqKOkQ3tu7zdjxp3O$+Rmb0PvGcQc+56mx2rdJvu8hal5xqIILlViZVseos+U=",
    "last_login": null,
    "is_superuser": false,
    "email": "nizyvozopy@mailinator.com",
    "phone": "+1 (208) 919-2076",
    "role": "agent",
    "is_active": true,
    "is_verified": true,
    "is_staff": false,
    "date_joined": "2026-03-30T12:53:50.354Z",
    "groups": [],
    "user_permissions": []
  }
},
{
  "model": "accounts.user",
  "fields": {
    "password": "pbkdf2_sha256$1000000$zDYzgHINYi8zfU1oiBGLYj$7/jOmZqqm6E+TXpaV4ozM7v/rWQMhC7hJerRE1czdSk=",
    "last_login": null,
    "is_superuser": false,
    "email": "xuvo@mailinator.com",
    "phone": "+1 (659) 507-4345",
    "role": "patient",
    "is_active": true,
    "is_verified": true,
    "is_staff": false,
    "date_joined": "2026-03-30T13:22:01.417Z",
    "groups": [],
    "user_permissions": []
  }
},
{
  "model": "accounts.user",
  "fields": {
    "password": "pbkdf2_sha256$1000000$BLVWv8R08ZY7ry4v93hegM$kocsRDbxzFr7LQl0pBi+eDuBaYOgqVQseBJ4Lgy90cU=",
    "last_login": null,
    "is_superuser": false,
    "email": "tebajeh@mailinator.com",
    "phone": "+1 (893) 616-2336",
    "role": "agent",
    "is_active": true,
    "is_verified": true,
    "is_staff": false,
    "date_joined": "2026-03-30T13:32:19.540Z",
    "groups": [],
    "user_permissions": []
  }
},
{
  "model": "accounts.user",
  "fields": {
    "password": "pbkdf2_sha256$1000000$DQCnw4DjpP7oMrTKGFWIZK$cXjrNke6nxCAv6ZvcQ7NZp36n12jGq19Gf/AqGvNYis=",
    "last_login": null,
    "is_superuser": false,
    "email": "bipyw@mailinator.com",
    "phone": "+1 (759) 401-5529",
    "role": "agent",
    "is_active": true,
    "is_verified": true,
    "is_staff": false,
    "date_joined": "2026-03-30T19:37:35.408Z",
    "groups": [],
    "user_permissions": []
  }
},
{
  "model": "accounts.user",
  "fields": {
    "password": "pbkdf2_sha256$1000000$QZ519PRopXcIr3XbOywqyM$Z1HMTK2Kb3hoHVo8w4zIZCUtAoMjXjibWxqOd+GGVVc=",
    "last_login": null,
    "is_superuser": false,
    "email": "cevaxic@mailinator.com",
    "phone": "+1 (458) 255-4429",
    "role": "agent",
    "is_active": true,
    "is_verified": false,
    "is_staff": false,
    "date_joined": "2026-03-30T19:44:58.677Z",
    "groups": [],
    "user_permissions": []
  }
},
{
  "model": "accounts.user",
  "fields": {
    "password": "pbkdf2_sha256$1000000$9ny4UiYdz8FKa42x9G2N12$mdRceZDNrr043rCmI5t27ydesa5oiAMyo79sgLZ8P/0=",
    "last_login": null,
    "is_superuser": false,
    "email": "fezepobylo@mailinator.com",
    "phone": "+1 (791) 474-2152",
    "role": "agent",
    "is_active": true,
    "is_verified": true,
    "is_staff": false,
    "date_joined": "2026-03-30T19:49:48.361Z",
    "groups": [],
    "user_permissions": []
  }
},
{
  "model": "accounts.user",
  "fields": {
    "password": "pbkdf2_sha256$1000000$mFWE48XPu4urPWwDXt09ve$Ksbl8oE9F4nMyuJaz1edAnBCJ/AhwQP/I/Ir2xFxZks=",
    "last_login": null,
    "is_superuser": false,
    "email": "cahe@mailinator.com",
    "phone": "+1 (259) 512-6649",
    "role": "agent",
    "is_active": true,
    "is_verified": true,
    "is_staff": false,
    "date_joined": "2026-03-31T10:39:45.678Z",
    "groups": [],
    "user_permissions": []
  }
},
{
  "model": "accounts.user",
  "fields": {
    "password": "pbkdf2_sha256$1000000$JFPT56RSW0oGNKmSIJEmxk$Dvg3NSOlwsbQRll5MHw0aIa14TKj5WfRpzPeEa7Sbhs=",
    "last_login": null,
    "is_superuser": false,
    "email": "noxeruk@mailinator.com",
    "phone": "+1 (622) 659-7117",
    "role": "agent",
    "is_active": true,
    "is_verified": true,
    "is_staff": false,
    "date_joined": "2026-03-31T11:15:01.964Z",
    "groups": [],
    "user_permissions": []
  }
},
{
  "model": "accounts.user",
  "fields": {
    "password": "pbkdf2_sha256$1000000$XWeabsNldAbriBhwdgRvyT$mzc5CWsb/Kqma70ABh2ir8oFsVVicYjsDIGqdI+r5OM=",
    "last_login": null,
    "is_superuser": false,
    "email": "nahifacoxu@mailinator.com",
    "phone": "+1 (839) 145-9131",
    "role": "patient",
    "is_active": true,
    "is_verified": true,
    "is_staff": false,
    "date_joined": "2026-03-31T13:14:36.668Z",
    "groups": [],
    "user_permissions": []
  }
},
{
  "model": "accounts.user",
  "fields": {
    "password": "pbkdf2_sha256$1000000$3BmOOTJgRvuzCWQKonPngk$ZyD0fFcEYlrzO0OQB3BI0GQ/jsBv3wz9+SpPKuWhdxs=",
    "last_login": null,
    "is_superuser": false,
    "email": "vapozif@mailinator.com",
    "phone": "+1 (613) 448-5904",
    "role": "patient",
    "is_active": true,
    "is_verified": true,
    "is_staff": false,
    "date_joined": "2026-03-31T13:35:02.909Z",
    "groups": [],
    "user_permissions": []
  }
},
{
  "model": "accounts.user",
  "fields": {
    "password": "pbkdf2_sha256$1000000$AMqOHd35do3aoGH45KANaU$jOZ0kAJwdp0cQWTnxKhYMpMQ6GRRvPOilEiz98QxJpI=",
    "last_login": null,
    "is_superuser": false,
    "email": "pyvid@mailinator.com",
    "phone": "+1 (844) 837-6441",
    "role": "patient",
    "is_active": true,
    "is_verified": true,
    "is_staff": false,
    "date_joined": "2026-03-31T16:16:31.019Z",
    "groups": [],
    "user_permissions": []
  }
},
{
  "model": "accounts.user",
  "fields": {
    "password": "pbkdf2_sha256$1000000$IUSVTrLM1XoEJXJiRC1Ezz$3ePLNPLJw4nPkEosnPPAlidijWqjxFGS96du5GwGdCM=",
    "last_login": null,
    "is_superuser": false,
    "email": "selybigix@mailinator.com",
    "phone": "+1 (244) 582-4272",
    "role": "patient",
    "is_active": true,
    "is_verified": true,
    "is_staff": false,
    "date_joined": "2026-03-31T22:36:52.542Z",
    "groups": [],
    "user_permissions": []
  }
},
{
  "model": "accounts.user",
  "fields": {
    "password": "pbkdf2_sha256$1000000$FvkQTxMfPk67IkydnR0buG$Ws92+RdQfDR053ISNFPWa8hzLovnOUYMxNJIcTLQOlA=",
    "last_login": null,
    "is_superuser": false,
    "email": "fydetekoj@mailinator.com",
    "phone": "+1 (144) 621-6611",
    "role": "agent",
    "is_active": true,
    "is_verified": true,
    "is_staff": false,
    "date_joined": "2026-03-31T23:06:32.121Z",
    "groups": [],
    "user_permissions": []
  }
},
{
  "model": "accounts.user",
  "fields": {
    "password": "pbkdf2_sha256$1000000$e9xvE0d0WODtKX6KB7GsMc$LXfOcu4Ty00HfCiybwKL+tsCGz4LNqRG0i72Yi7kbVc=",
    "last_login": null,
    "is_superuser": false,
    "email": "muhenoqoza@mailinator.com",
    "phone": "+1 (875) 149-8616",
    "role": "patient",
    "is_active": true,
    "is_verified": true,
    "is_staff": false,
    "date_joined": "2026-04-02T16:25:02.239Z",
    "groups": [],
    "user_permissions": []
  }
},
{
  "model": "accounts.user",
  "fields": {
    "password": "pbkdf2_sha256$1000000$NV5yDdRtZNoGLmeWt5eVbR$ztumX9lHIFYW3nxaJWrn9yFHMtwrwbuj4hZslO+izCQ=",
    "last_login": null,
    "is_superuser": false,
    "email": "cugi@mailinator.com",
    "phone": "+1 (157) 904-9912",
    "role": "patient",
    "is_active": true,
    "is_verified": true,
    "is_staff": false,
    "date_joined": "2026-04-02T16:35:30.700Z",
    "groups": [],
    "user_permissions": []
  }
},
{
  "model": "accounts.user",
  "fields": {
    "password": "pbkdf2_sha256$1000000$fHBZWiv2dPmIwgB9FyIncy$muqrYIaBh8+uFC6vBnIlhLKIgJT4sY14NJPVOe1JpT8=",
    "last_login": null,
    "is_superuser": false,
    "email": "qarev@mailinator.com",
    "phone": "+1 (613) 137-7695",
    "role": "patient",
    "is_active": true,
    "is_verified": true,
    "is_staff": false,
    "date_joined": "2026-04-02T16:39:12.833Z",
    "groups": [],
    "user_permissions": []
  }
},
{
  "model": "accounts.user",
  "fields": {
    "password": "pbkdf2_sha256$1000000$iRgWlpRT1iDAGMUnkroQDr$joVJocc3A78nPEPrSc3tUy0aqH2Iy61UoUdyOE3d4TU=",
    "last_login": null,
    "is_superuser": false,
    "email": "woja@mailinator.com",
    "phone": "+1 (882) 292-9407",
    "role": "patient",
    "is_active": true,
    "is_verified": false,
    "is_staff": false,
    "date_joined": "2026-04-02T18:02:10.068Z",
    "groups": [],
    "user_permissions": []
  }
},
{
  "model": "accounts.user",
  "fields": {
    "password": "pbkdf2_sha256$1000000$O9QI53Mw0clZU7UmF6Qkxq$o4qXy6+EpD0BA8KItbPAthpRgTUNOgY78mXUyHDwqyI=",
    "last_login": null,
    "is_superuser": false,
    "email": "aguemespoir@gmail.com",
    "phone": "+228 70 48 82 74",
    "role": "patient",
    "is_active": true,
    "is_verified": true,
    "is_staff": false,
    "date_joined": "2026-04-02T18:03:44.832Z",
    "groups": [],
    "user_permissions": []
  }
},
{
  "model": "accounts.otpverification",
  "pk": 1,
  "fields": {
    "user": [
      "sekuqeb@mailinator.com"
    ],
    "code": "555640",
    "created_at": "2026-03-30T11:42:55.445Z",
    "expires_at": "2026-03-30T11:52:55.444Z",
    "is_used": true
  }
},
{
  "model": "accounts.otpverification",
  "pk": 2,
  "fields": {
    "user": [
      "nizyvozopy@mailinator.com"
    ],
    "code": "634853",
    "created_at": "2026-03-30T12:53:50.371Z",
    "expires_at": "2026-03-30T13:03:50.370Z",
    "is_used": true
  }
},
{
  "model": "accounts.otpverification",
  "pk": 3,
  "fields": {
    "user": [
      "xuvo@mailinator.com"
    ],
    "code": "882641",
    "created_at": "2026-03-30T13:22:01.425Z",
    "expires_at": "2026-03-30T13:32:01.424Z",
    "is_used": true
  }
},
{
  "model": "accounts.otpverification",
  "pk": 4,
  "fields": {
    "user": [
      "tebajeh@mailinator.com"
    ],
    "code": "220590",
    "created_at": "2026-03-30T13:32:19.548Z",
    "expires_at": "2026-03-30T13:42:19.548Z",
    "is_used": true
  }
},
{
  "model": "accounts.otpverification",
  "pk": 5,
  "fields": {
    "user": [
      "bipyw@mailinator.com"
    ],
    "code": "388385",
    "created_at": "2026-03-30T19:37:35.424Z",
    "expires_at": "2026-03-30T19:47:35.423Z",
    "is_used": true
  }
},
{
  "model": "accounts.otpverification",
  "pk": 6,
  "fields": {
    "user": [
      "fezepobylo@mailinator.com"
    ],
    "code": "130278",
    "created_at": "2026-03-30T19:49:48.378Z",
    "expires_at": "2026-03-30T19:59:48.378Z",
    "is_used": true
  }
},
{
  "model": "accounts.otpverification",
  "pk": 7,
  "fields": {
    "user": [
      "cahe@mailinator.com"
    ],
    "code": "664932",
    "created_at": "2026-03-31T10:39:45.710Z",
    "expires_at": "2026-03-31T10:49:45.710Z",
    "is_used": true
  }
},
{
  "model": "accounts.otpverification",
  "pk": 8,
  "fields": {
    "user": [
      "noxeruk@mailinator.com"
    ],
    "code": "030279",
    "created_at": "2026-03-31T11:15:01.991Z",
    "expires_at": "2026-03-31T11:25:01.991Z",
    "is_used": true
  }
},
{
  "model": "accounts.otpverification",
  "pk": 9,
  "fields": {
    "user": [
      "nahifacoxu@mailinator.com"
    ],
    "code": "952369",
    "created_at": "2026-03-31T13:14:36.694Z",
    "expires_at": "2026-03-31T13:24:36.694Z",
    "is_used": true
  }
},
{
  "model": "accounts.otpverification",
  "pk": 10,
  "fields": {
    "user": [
      "vapozif@mailinator.com"
    ],
    "code": "030195",
    "created_at": "2026-03-31T13:35:02.932Z",
    "expires_at": "2026-03-31T13:45:02.932Z",
    "is_used": true
  }
},
{
  "model": "accounts.otpverification",
  "pk": 11,
  "fields": {
    "user": [
      "pyvid@mailinator.com"
    ],
    "code": "936711",
    "created_at": "2026-03-31T16:16:31.053Z",
    "expires_at": "2026-03-31T16:26:31.053Z",
    "is_used": true
  }
},
{
  "model": "accounts.otpverification",
  "pk": 12,
  "fields": {
    "user": [
      "selybigix@mailinator.com"
    ],
    "code": "286299",
    "created_at": "2026-03-31T22:36:52.579Z",
    "expires_at": "2026-03-31T22:46:52.579Z",
    "is_used": true
  }
},
{
  "model": "accounts.otpverification",
  "pk": 13,
  "fields": {
    "user": [
      "fydetekoj@mailinator.com"
    ],
    "code": "635346",
    "created_at": "2026-03-31T23:06:32.156Z",
    "expires_at": "2026-03-31T23:16:32.155Z",
    "is_used": true
  }
},
{
  "model": "accounts.otpverification",
  "pk": 14,
  "fields": {
    "user": [
      "muhenoqoza@mailinator.com"
    ],
    "code": "160430",
    "created_at": "2026-04-02T16:25:02.258Z",
    "expires_at": "2026-04-02T16:35:02.257Z",
    "is_used": true
  }
},
{
  "model": "accounts.otpverification",
  "pk": 15,
  "fields": {
    "user": [
      "cugi@mailinator.com"
    ],
    "code": "964675",
    "created_at": "2026-04-02T16:35:30.715Z",
    "expires_at": "2026-04-02T16:45:30.715Z",
    "is_used": true
  }
},
{
  "model": "accounts.otpverification",
  "pk": 16,
  "fields": {
    "user": [
      "qarev@mailinator.com"
    ],
    "code": "696389",
    "created_at": "2026-04-02T16:39:12.845Z",
    "expires_at": "2026-04-02T16:49:12.844Z",
    "is_used": true
  }
},
{
  "model": "accounts.otpverification",
  "pk": 17,
  "fields": {
    "user": [
      "woja@mailinator.com"
    ],
    "code": "102249",
    "created_at": "2026-04-02T18:02:10.082Z",
    "expires_at": "2026-04-02T18:12:10.082Z",
    "is_used": false
  }
},
{
  "model": "accounts.otpverification",
  "pk": 18,
  "fields": {
    "user": [
      "aguemespoir@gmail.com"
    ],
    "code": "550647",
    "created_at": "2026-04-02T18:03:44.835Z",
    "expires_at": "2026-04-02T18:13:44.835Z",
    "is_used": false
  }
},
{
  "model": "accounts.otpverification",
  "pk": 19,
  "fields": {
    "user": [
      "aguemespoir@gmail.com"
    ],
    "code": "191365",
    "created_at": "2026-04-02T18:05:05.287Z",
    "expires_at": "2026-04-02T18:15:05.287Z",
    "is_used": true
  }
},
{
  "model": "agents.residencezone",
  "pk": 13,
  "fields": {
    "name": "Kodjoviakope",
    "city": "Lome"
  }
},
{
  "model": "agents.residencezone",
  "pk": 14,
  "fields": {
    "name": "Nyekonakpoe",
    "city": "Lome"
  }
},
{
  "model": "agents.residencezone",
  "pk": 15,
  "fields": {
    "name": "Be",
    "city": "Lome"
  }
},
{
  "model": "agents.residencezone",
  "pk": 16,
  "fields": {
    "name": "Adidogome",
    "city": "Lome"
  }
},
{
  "model": "agents.residencezone",
  "pk": 17,
  "fields": {
    "name": "Agoe",
    "city": "Lome"
  }
},
{
  "model": "agents.residencezone",
  "pk": 18,
  "fields": {
    "name": "Hedzranawoe",
    "city": "Lome"
  }
},
{
  "model": "agents.residencezone",
  "pk": 19,
  "fields": {
    "name": "Ablogame",
    "city": "Lome"
  }
},
{
  "model": "agents.residencezone",
  "pk": 20,
  "fields": {
    "name": "Kpota",
    "city": "Aneho"
  }
},
{
  "model": "agents.residencezone",
  "pk": 21,
  "fields": {
    "name": "Zongo",
    "city": "Atakpame"
  }
},
{
  "model": "agents.residencezone",
  "pk": 22,
  "fields": {
    "name": "Komah",
    "city": "Atakpame"
  }
},
{
  "model": "agents.residencezone",
  "pk": 23,
  "fields": {
    "name": "Kpangalam",
    "city": "Sokode"
  }
},
{
  "model": "agents.residencezone",
  "pk": 24,
  "fields": {
    "name": "Komah Bas",
    "city": "Sokode"
  }
},
{
  "model": "agents.agentprofile",
  "pk": 1,
  "fields": {
    "user": [
      "nizyvozopy@mailinator.com"
    ],
    "full_name": "Kyle Rivers",
    "bio": "",
    "avatar": "",
    "profession": "other",
    "specialization": "Médecin généraliste",
    "nif": "",
    "experience_years": 3,
    "approval_status": "approved",
    "is_available": false,
    "residence_zone": null,
    "pending_residence_zone": null,
    "latitude": null,
    "longitude": null,
    "created_at": "2026-03-30T12:53:50.367Z",
    "updated_at": "2026-03-30T12:55:38.850Z",
    "coverage_zones": [],
    "pending_coverage_zones": []
  }
},
{
  "model": "agents.agentprofile",
  "pk": 2,
  "fields": {
    "user": [
      "tebajeh@mailinator.com"
    ],
    "full_name": "Micah Bailey",
    "bio": "",
    "avatar": "",
    "profession": "other",
    "specialization": "Infirmier",
    "nif": "",
    "experience_years": 3,
    "approval_status": "approved",
    "is_available": false,
    "residence_zone": null,
    "pending_residence_zone": null,
    "latitude": null,
    "longitude": null,
    "created_at": "2026-03-30T13:32:19.543Z",
    "updated_at": "2026-03-30T13:36:21.368Z",
    "coverage_zones": [],
    "pending_coverage_zones": []
  }
},
{
  "model": "agents.agentprofile",
  "pk": 3,
  "fields": {
    "user": [
      "bipyw@mailinator.com"
    ],
    "full_name": "Judah Mcgee",
    "bio": "",
    "avatar": "",
    "profession": "other",
    "specialization": "Aide-soignant",
    "nif": "",
    "experience_years": 5,
    "approval_status": "rejected",
    "is_available": false,
    "residence_zone": 20,
    "pending_residence_zone": null,
    "latitude": null,
    "longitude": null,
    "created_at": "2026-03-30T19:37:35.418Z",
    "updated_at": "2026-03-31T10:00:32.486Z",
    "coverage_zones": [
      20
    ],
    "pending_coverage_zones": []
  }
},
{
  "model": "agents.agentprofile",
  "pk": 5,
  "fields": {
    "user": [
      "fezepobylo@mailinator.com"
    ],
    "full_name": "Amy Craig",
    "bio": "",
    "avatar": "",
    "profession": "other",
    "specialization": "Infirmier",
    "nif": "",
    "experience_years": 5,
    "approval_status": "approved",
    "is_available": true,
    "residence_zone": 20,
    "pending_residence_zone": null,
    "latitude": null,
    "longitude": null,
    "created_at": "2026-03-30T19:49:48.374Z",
    "updated_at": "2026-03-31T13:58:48.011Z",
    "coverage_zones": [
      20,
      21,
      19,
      16,
      15
    ],
    "pending_coverage_zones": []
  }
},
{
  "model": "agents.agentprofile",
  "pk": 6,
  "fields": {
    "user": [
      "cahe@mailinator.com"
    ],
    "full_name": "Shay Carey",
    "bio": "",
    "avatar": "",
    "profession": "nursing_assistant",
    "specialization": "Eum quisquam dolorem",
    "nif": "",
    "experience_years": 3,
    "approval_status": "pending",
    "is_available": false,
    "residence_zone": 20,
    "pending_residence_zone": null,
    "latitude": null,
    "longitude": null,
    "created_at": "2026-03-31T10:39:45.697Z",
    "updated_at": "2026-03-31T10:39:45.697Z",
    "coverage_zones": [
      20
    ],
    "pending_coverage_zones": []
  }
},
{
  "model": "agents.agentprofile",
  "pk": 7,
  "fields": {
    "user": [
      "noxeruk@mailinator.com"
    ],
    "full_name": "Anika Nunez",
    "bio": "",
    "avatar": "",
    "profession": "nurse_icu",
    "specialization": "Ut voluptatibus cons",
    "nif": "",
    "experience_years": 38,
    "approval_status": "pending",
    "is_available": false,
    "residence_zone": 20,
    "pending_residence_zone": null,
    "latitude": null,
    "longitude": null,
    "created_at": "2026-03-31T11:15:01.975Z",
    "updated_at": "2026-03-31T11:15:01.975Z",
    "coverage_zones": [
      20
    ],
    "pending_coverage_zones": []
  }
},
{
  "model": "agents.agentprofile",
  "pk": 8,
  "fields": {
    "user": [
      "fydetekoj@mailinator.com"
    ],
    "full_name": "Eagan Mccormick",
    "bio": "",
    "avatar": "",
    "profession": "paramedic",
    "specialization": "",
    "nif": "",
    "experience_years": 3,
    "approval_status": "pending",
    "is_available": false,
    "residence_zone": 20,
    "pending_residence_zone": null,
    "latitude": null,
    "longitude": null,
    "created_at": "2026-03-31T23:06:32.125Z",
    "updated_at": "2026-03-31T23:06:32.125Z",
    "coverage_zones": [
      20
    ],
    "pending_coverage_zones": []
  }
},
{
  "model": "agents.agentdocument",
  "pk": 1,
  "fields": {
    "agent": 7,
    "document_type": "diploma",
    "file": "agents/documents/17818.png",
    "uploaded_at": "2026-03-31T11:15:01.985Z"
  }
},
{
  "model": "agents.agentdocument",
  "pk": 2,
  "fields": {
    "agent": 8,
    "document_type": "diploma",
    "file": "agents/documents/circle_1_1.png",
    "uploaded_at": "2026-03-31T23:06:32.148Z"
  }
},
{
  "model": "agents.agentdocument",
  "pk": 3,
  "fields": {
    "agent": 8,
    "document_type": "national_id",
    "file": "agents/documents/17818.jpg",
    "uploaded_at": "2026-03-31T23:06:32.152Z"
  }
},
{
  "model": "agents.agentdocument",
  "pk": 4,
  "fields": {
    "agent": 8,
    "document_type": "other",
    "file": "agents/documents/9355281.png",
    "uploaded_at": "2026-03-31T23:06:32.154Z"
  }
},
{
  "model": "patients.plan",
  "pk": 1,
  "fields": {
    "name": "Silver",
    "description": "Suivi de base a domicile avec accompagnement mensuel.",
    "price": "2500.00",
    "visits_per_month": 1,
    "features": [
      "1 visite par mois",
      "Support WhatsApp",
      "Rappel des medicaments"
    ],
    "is_active": true,
    "created_at": "2026-03-30T11:41:39.457Z"
  }
},
{
  "model": "patients.plan",
  "pk": 2,
  "fields": {
    "name": "Gold",
    "description": "Suivi renforce avec visites plus frequentes.",
    "price": "4500.00",
    "visits_per_month": 2,
    "features": [
      "2 visites par mois",
      "Support prioritaire",
      "Suivi des signes vitaux"
    ],
    "is_active": true,
    "created_at": "2026-03-30T11:41:39.461Z"
  }
},
{
  "model": "patients.plan",
  "pk": 3,
  "fields": {
    "name": "Platinum",
    "description": "Accompagnement premium pour suivi intensif.",
    "price": "7000.00",
    "visits_per_month": 4,
    "features": [
      "4 visites par mois",
      "Coordination medicale",
      "Rapport detaille mensuel"
    ],
    "is_active": true,
    "created_at": "2026-03-30T11:41:39.463Z"
  }
},
{
  "model": "patients.patientprofile",
  "pk": 1,
  "fields": {
    "user": [
      "sekuqeb@mailinator.com"
    ],
    "full_name": "Brendan Cervantes",
    "date_of_birth": "2023-03-27",
    "gender": "other",
    "avatar": "",
    "address": "Itaque perferendis i",
    "city": "Les Cayes",
    "zone": null,
    "assigned_agent": null,
    "emergency_contact_name": "",
    "emergency_contact_phone": "",
    "health_notes": "",
    "created_at": "2026-03-30T11:42:55.443Z",
    "updated_at": "2026-03-30T11:42:55.443Z"
  }
},
{
  "model": "patients.patientprofile",
  "pk": 2,
  "fields": {
    "user": [
      "xuvo@mailinator.com"
    ],
    "full_name": "Teegan Delgado",
    "date_of_birth": "2006-07-15",
    "gender": "female",
    "avatar": "",
    "address": "Est delectus sit",
    "city": "Les Cayes",
    "zone": null,
    "assigned_agent": null,
    "emergency_contact_name": "",
    "emergency_contact_phone": "",
    "health_notes": "",
    "created_at": "2026-03-30T13:22:01.423Z",
    "updated_at": "2026-03-30T13:22:01.423Z"
  }
},
{
  "model": "patients.patientprofile",
  "pk": 3,
  "fields": {
    "user": [
      "nahifacoxu@mailinator.com"
    ],
    "full_name": "Garth Powers",
    "date_of_birth": "1972-04-17",
    "gender": "male",
    "avatar": "",
    "address": "Dolore officia rem c",
    "city": "Saint-Marc",
    "zone": 20,
    "assigned_agent": null,
    "emergency_contact_name": "",
    "emergency_contact_phone": "",
    "health_notes": "",
    "created_at": "2026-03-31T13:14:36.684Z",
    "updated_at": "2026-03-31T13:14:36.684Z"
  }
},
{
  "model": "patients.patientprofile",
  "pk": 4,
  "fields": {
    "user": [
      "vapozif@mailinator.com"
    ],
    "full_name": "Cheryl Blanchard",
    "date_of_birth": "1970-06-12",
    "gender": "male",
    "avatar": "",
    "address": "Id adipisci reiciend",
    "city": "Les Cayes",
    "zone": 20,
    "assigned_agent": 5,
    "emergency_contact_name": "",
    "emergency_contact_phone": "",
    "health_notes": "",
    "created_at": "2026-03-31T13:35:02.928Z",
    "updated_at": "2026-03-31T13:35:02.928Z"
  }
},
{
  "model": "patients.patientprofile",
  "pk": 5,
  "fields": {
    "user": [
      "pyvid@mailinator.com"
    ],
    "full_name": "Lani Randolph",
    "date_of_birth": "1984-07-24",
    "gender": "female",
    "avatar": "",
    "address": "Et anim nihil nihil",
    "city": "Les Cayes",
    "zone": 20,
    "assigned_agent": 5,
    "emergency_contact_name": "",
    "emergency_contact_phone": "",
    "health_notes": "",
    "created_at": "2026-03-31T16:16:31.048Z",
    "updated_at": "2026-03-31T16:16:31.048Z"
  }
},
{
  "model": "patients.patientprofile",
  "pk": 6,
  "fields": {
    "user": [
      "selybigix@mailinator.com"
    ],
    "full_name": "Randall Compton",
    "date_of_birth": "2021-06-21",
    "gender": "female",
    "avatar": "",
    "address": "Praesentium aperiam",
    "city": "Pétion-Ville",
    "zone": 20,
    "assigned_agent": 5,
    "emergency_contact_name": "",
    "emergency_contact_phone": "",
    "health_notes": "",
    "created_at": "2026-03-31T22:36:52.574Z",
    "updated_at": "2026-03-31T22:36:52.574Z"
  }
},
{
  "model": "patients.patientprofile",
  "pk": 7,
  "fields": {
    "user": [
      "muhenoqoza@mailinator.com"
    ],
    "full_name": "Brent Baker",
    "date_of_birth": "1980-01-14",
    "gender": "other",
    "avatar": "",
    "address": "Irure deserunt eiusm",
    "city": "Cap-Haïtien",
    "zone": 20,
    "assigned_agent": null,
    "emergency_contact_name": "",
    "emergency_contact_phone": "",
    "health_notes": "",
    "created_at": "2026-04-02T16:25:02.253Z",
    "updated_at": "2026-04-02T16:25:02.253Z"
  }
},
{
  "model": "patients.patientprofile",
  "pk": 8,
  "fields": {
    "user": [
      "cugi@mailinator.com"
    ],
    "full_name": "Medge Figueroa",
    "date_of_birth": "1986-03-15",
    "gender": "other",
    "avatar": "",
    "address": "Illum dolor minima",
    "city": "Les Cayes",
    "zone": 20,
    "assigned_agent": null,
    "emergency_contact_name": "",
    "emergency_contact_phone": "",
    "health_notes": "",
    "created_at": "2026-04-02T16:35:30.713Z",
    "updated_at": "2026-04-02T16:35:30.713Z"
  }
},
{
  "model": "patients.patientprofile",
  "pk": 9,
  "fields": {
    "user": [
      "qarev@mailinator.com"
    ],
    "full_name": "Gray Mccullough",
    "date_of_birth": "1995-09-14",
    "gender": "female",
    "avatar": "",
    "address": "Explicabo Distincti",
    "city": "Les Cayes",
    "zone": 20,
    "assigned_agent": 5,
    "emergency_contact_name": "",
    "emergency_contact_phone": "",
    "health_notes": "",
    "created_at": "2026-04-02T16:39:12.843Z",
    "updated_at": "2026-04-02T16:39:12.843Z"
  }
},
{
  "model": "patients.patientprofile",
  "pk": 10,
  "fields": {
    "user": [
      "woja@mailinator.com"
    ],
    "full_name": "AGUEM-MASSINA Yama Espoir",
    "date_of_birth": "2003-10-13",
    "gender": "male",
    "avatar": "",
    "address": "Kpota",
    "city": "Pétion-Ville",
    "zone": 20,
    "assigned_agent": null,
    "emergency_contact_name": "",
    "emergency_contact_phone": "",
    "health_notes": "",
    "created_at": "2026-04-02T18:02:10.080Z",
    "updated_at": "2026-04-02T18:02:10.080Z"
  }
},
{
  "model": "patients.patientprofile",
  "pk": 11,
  "fields": {
    "user": [
      "aguemespoir@gmail.com"
    ],
    "full_name": "AGUEM-MASSINA Yama Espoir",
    "date_of_birth": "2003-10-13",
    "gender": "male",
    "avatar": "",
    "address": "Sogbossito",
    "city": "Port-au-Prince",
    "zone": 20,
    "assigned_agent": 5,
    "emergency_contact_name": "",
    "emergency_contact_phone": "",
    "health_notes": "",
    "created_at": "2026-04-02T18:03:44.833Z",
    "updated_at": "2026-04-02T18:03:44.833Z"
  }
},
{
  "model": "patients.subscription",
  "pk": 1,
  "fields": {
    "patient": 1,
    "plan": 1,
    "start_date": "2026-03-30",
    "end_date": "2026-04-29",
    "status": "active",
    "created_at": "2026-03-30T11:43:11.448Z"
  }
},
{
  "model": "patients.subscription",
  "pk": 2,
  "fields": {
    "patient": 2,
    "plan": 2,
    "start_date": "2026-03-30",
    "end_date": "2026-04-29",
    "status": "active",
    "created_at": "2026-03-30T13:22:18.618Z"
  }
},
{
  "model": "patients.subscription",
  "pk": 3,
  "fields": {
    "patient": 3,
    "plan": 3,
    "start_date": "2026-03-31",
    "end_date": "2026-04-30",
    "status": "active",
    "created_at": "2026-03-31T13:14:45.738Z"
  }
},
{
  "model": "patients.subscription",
  "pk": 4,
  "fields": {
    "patient": 4,
    "plan": 3,
    "start_date": "2026-03-31",
    "end_date": "2026-04-30",
    "status": "active",
    "created_at": "2026-03-31T13:35:25.178Z"
  }
},
{
  "model": "patients.subscription",
  "pk": 5,
  "fields": {
    "patient": 5,
    "plan": 3,
    "start_date": "2026-03-31",
    "end_date": "2026-04-30",
    "status": "active",
    "created_at": "2026-03-31T16:16:37.581Z"
  }
},
{
  "model": "patients.subscription",
  "pk": 6,
  "fields": {
    "patient": 6,
    "plan": 2,
    "start_date": "2026-03-31",
    "end_date": "2026-04-30",
    "status": "active",
    "created_at": "2026-03-31T22:37:00.694Z"
  }
},
{
  "model": "patients.subscription",
  "pk": 7,
  "fields": {
    "patient": 7,
    "plan": 1,
    "start_date": "2026-04-02",
    "end_date": "2026-05-02",
    "status": "active",
    "created_at": "2026-04-02T16:25:13.582Z"
  }
},
{
  "model": "patients.subscription",
  "pk": 8,
  "fields": {
    "patient": 8,
    "plan": 2,
    "start_date": "2026-04-02",
    "end_date": "2026-05-02",
    "status": "active",
    "created_at": "2026-04-02T16:35:36.449Z"
  }
},
{
  "model": "patients.subscription",
  "pk": 9,
  "fields": {
    "patient": 9,
    "plan": 3,
    "start_date": "2026-04-02",
    "end_date": "2026-05-02",
    "status": "active",
    "created_at": "2026-04-02T16:39:19.366Z"
  }
},
{
  "model": "patients.subscription",
  "pk": 10,
  "fields": {
    "patient": 11,
    "plan": 3,
    "start_date": "2026-04-02",
    "end_date": "2026-05-02",
    "status": "active",
    "created_at": "2026-04-02T18:09:50.890Z"
  }
},
{
  "model": "visits.visit",
  "pk": 1,
  "fields": {
    "patient": 5,
    "agent": 5,
    "subscription": 5,
    "visit_number": 1,
    "scheduled_date": "2026-04-03",
    "scheduled_time": "09:00:00",
    "status": "completed",
    "address": "Et anim nihil nihil, Les Cayes",
    "notes": "",
    "completed_at": "2026-03-31T16:41:38.341Z",
    "rescheduled_from": null,
    "created_at": "2026-03-31T16:18:15.020Z",
    "updated_at": "2026-03-31T16:41:38.334Z"
  }
},
{
  "model": "visits.visit",
  "pk": 2,
  "fields": {
    "patient": 5,
    "agent": 5,
    "subscription": 5,
    "visit_number": 2,
    "scheduled_date": "2026-04-11",
    "scheduled_time": "09:00:00",
    "status": "rescheduled",
    "address": "Et anim nihil nihil, Les Cayes",
    "notes": "",
    "completed_at": null,
    "rescheduled_from": null,
    "created_at": "2026-03-31T16:18:15.020Z",
    "updated_at": "2026-03-31T17:04:48.676Z"
  }
},
{
  "model": "visits.visit",
  "pk": 3,
  "fields": {
    "patient": 5,
    "agent": 5,
    "subscription": 5,
    "visit_number": 3,
    "scheduled_date": "2026-04-04",
    "scheduled_time": "10:30:00",
    "status": "completed",
    "address": "Et anim nihil nihil, Les Cayes",
    "notes": "",
    "completed_at": "2026-03-31T23:02:44.086Z",
    "rescheduled_from": "2026-04-18T09:00:00Z",
    "created_at": "2026-03-31T16:18:15.020Z",
    "updated_at": "2026-03-31T23:02:44.072Z"
  }
},
{
  "model": "visits.visit",
  "pk": 4,
  "fields": {
    "patient": 5,
    "agent": 5,
    "subscription": 5,
    "visit_number": 4,
    "scheduled_date": "2026-04-26",
    "scheduled_time": "09:00:00",
    "status": "confirmed",
    "address": "Et anim nihil nihil, Les Cayes",
    "notes": "",
    "completed_at": null,
    "rescheduled_from": null,
    "created_at": "2026-03-31T16:18:15.020Z",
    "updated_at": "2026-03-31T16:21:59.287Z"
  }
},
{
  "model": "visits.visit",
  "pk": 5,
  "fields": {
    "patient": 6,
    "agent": 5,
    "subscription": 6,
    "visit_number": 1,
    "scheduled_date": "2026-04-07",
    "scheduled_time": "09:00:00",
    "status": "completed",
    "address": "Praesentium aperiam, Pétion-Ville",
    "notes": "",
    "completed_at": "2026-03-31T22:40:10.121Z",
    "rescheduled_from": null,
    "created_at": "2026-03-31T22:38:59.550Z",
    "updated_at": "2026-03-31T22:40:10.115Z"
  }
},
{
  "model": "visits.visit",
  "pk": 6,
  "fields": {
    "patient": 6,
    "agent": 5,
    "subscription": 6,
    "visit_number": 2,
    "scheduled_date": "2026-04-22",
    "scheduled_time": "09:00:00",
    "status": "in_progress",
    "address": "Praesentium aperiam, Pétion-Ville",
    "notes": "",
    "completed_at": null,
    "rescheduled_from": null,
    "created_at": "2026-03-31T22:38:59.550Z",
    "updated_at": "2026-04-02T17:47:23.305Z"
  }
},
{
  "model": "visits.visit",
  "pk": 7,
  "fields": {
    "patient": 9,
    "agent": 5,
    "subscription": 9,
    "visit_number": 1,
    "scheduled_date": "2026-04-05",
    "scheduled_time": "09:00:00",
    "status": "pending",
    "address": "Explicabo Distincti, Les Cayes",
    "notes": "",
    "completed_at": null,
    "rescheduled_from": null,
    "created_at": "2026-04-02T16:40:52.035Z",
    "updated_at": "2026-04-02T16:40:52.035Z"
  }
},
{
  "model": "visits.visit",
  "pk": 8,
  "fields": {
    "patient": 9,
    "agent": 5,
    "subscription": 9,
    "visit_number": 2,
    "scheduled_date": "2026-04-13",
    "scheduled_time": "09:00:00",
    "status": "pending",
    "address": "Explicabo Distincti, Les Cayes",
    "notes": "",
    "completed_at": null,
    "rescheduled_from": null,
    "created_at": "2026-04-02T16:40:52.035Z",
    "updated_at": "2026-04-02T16:40:52.035Z"
  }
},
{
  "model": "visits.visit",
  "pk": 9,
  "fields": {
    "patient": 9,
    "agent": 5,
    "subscription": 9,
    "visit_number": 3,
    "scheduled_date": "2026-04-20",
    "scheduled_time": "09:00:00",
    "status": "pending",
    "address": "Explicabo Distincti, Les Cayes",
    "notes": "",
    "completed_at": null,
    "rescheduled_from": null,
    "created_at": "2026-04-02T16:40:52.035Z",
    "updated_at": "2026-04-02T16:40:52.035Z"
  }
},
{
  "model": "visits.visit",
  "pk": 10,
  "fields": {
    "patient": 9,
    "agent": 5,
    "subscription": 9,
    "visit_number": 4,
    "scheduled_date": "2026-04-28",
    "scheduled_time": "09:00:00",
    "status": "pending",
    "address": "Explicabo Distincti, Les Cayes",
    "notes": "",
    "completed_at": null,
    "rescheduled_from": null,
    "created_at": "2026-04-02T16:40:52.035Z",
    "updated_at": "2026-04-02T16:40:52.035Z"
  }
},
{
  "model": "visits.visit",
  "pk": 11,
  "fields": {
    "patient": 11,
    "agent": 5,
    "subscription": 10,
    "visit_number": 1,
    "scheduled_date": "2026-04-05",
    "scheduled_time": "09:00:00",
    "status": "completed",
    "address": "Sogbossito, Port-au-Prince",
    "notes": "",
    "completed_at": "2026-04-02T18:27:02.790Z",
    "rescheduled_from": null,
    "created_at": "2026-04-02T18:16:17.092Z",
    "updated_at": "2026-04-02T18:27:02.782Z"
  }
},
{
  "model": "visits.visit",
  "pk": 12,
  "fields": {
    "patient": 11,
    "agent": 5,
    "subscription": 10,
    "visit_number": 2,
    "scheduled_date": "2026-04-13",
    "scheduled_time": "09:00:00",
    "status": "confirmed",
    "address": "Sogbossito, Port-au-Prince",
    "notes": "",
    "completed_at": null,
    "rescheduled_from": null,
    "created_at": "2026-04-02T18:16:17.092Z",
    "updated_at": "2026-04-02T18:27:24.862Z"
  }
},
{
  "model": "visits.visit",
  "pk": 13,
  "fields": {
    "patient": 11,
    "agent": 5,
    "subscription": 10,
    "visit_number": 3,
    "scheduled_date": "2026-04-20",
    "scheduled_time": "09:00:00",
    "status": "pending",
    "address": "Sogbossito, Port-au-Prince",
    "notes": "",
    "completed_at": null,
    "rescheduled_from": null,
    "created_at": "2026-04-02T18:16:17.092Z",
    "updated_at": "2026-04-02T18:16:17.092Z"
  }
},
{
  "model": "visits.visit",
  "pk": 14,
  "fields": {
    "patient": 11,
    "agent": 5,
    "subscription": 10,
    "visit_number": 4,
    "scheduled_date": "2026-04-28",
    "scheduled_time": "09:00:00",
    "status": "pending",
    "address": "Sogbossito, Port-au-Prince",
    "notes": "",
    "completed_at": null,
    "rescheduled_from": null,
    "created_at": "2026-04-02T18:16:17.092Z",
    "updated_at": "2026-04-02T18:16:17.092Z"
  }
},
{
  "model": "visits.visitprescreening",
  "pk": 1,
  "fields": {
    "visit": 11,
    "fasting_status": "no",
    "has_pain": false,
    "pain_description": "",
    "takes_medications": false,
    "medications_taken_status": "na",
    "medication_names": "",
    "extra_notes": "Maxime minim consequ",
    "recorded_at": "2026-04-02T18:17:25.510Z"
  }
},
{
  "model": "visits.vitalsigns",
  "pk": 1,
  "fields": {
    "visit": 5,
    "blood_pressure_sys": 108,
    "blood_pressure_dia": 89,
    "heart_rate": 170,
    "temperature": "41.0",
    "respiratory_rate": 5,
    "spo2": "92.0",
    "blood_glucose": "592.0",
    "weight": "169.0",
    "height": "147.0",
    "symptoms": "Id commodo dolor co",
    "observations": "Ullam irure voluptat",
    "is_urgent": true,
    "referral_needed": true,
    "recorded_at": "2026-03-31T22:40:10.065Z"
  }
},
{
  "model": "visits.vitalsigns",
  "pk": 2,
  "fields": {
    "visit": 3,
    "blood_pressure_sys": 34,
    "blood_pressure_dia": 90,
    "heart_rate": 95,
    "temperature": "37.0",
    "respiratory_rate": 16,
    "spo2": "94.0",
    "blood_glucose": "101.0",
    "weight": "114.0",
    "height": "187.0",
    "symptoms": "Aute et ipsam commod",
    "observations": "Veniam nulla volupt",
    "is_urgent": false,
    "referral_needed": false,
    "recorded_at": "2026-03-31T23:02:44.015Z"
  }
},
{
  "model": "visits.vitalsigns",
  "pk": 3,
  "fields": {
    "visit": 11,
    "blood_pressure_sys": 245,
    "blood_pressure_dia": 50,
    "heart_rate": 152,
    "temperature": "39.0",
    "respiratory_rate": 57,
    "spo2": "83.0",
    "blood_glucose": "90.0",
    "weight": "110.0",
    "height": "184.0",
    "symptoms": "Aute blanditiis fugi",
    "observations": "Esse id ut eum aut",
    "is_urgent": false,
    "referral_needed": false,
    "recorded_at": "2026-04-02T18:27:02.725Z"
  }
},
{
  "model": "visits.visitreview",
  "pk": 1,
  "fields": {
    "visit": 1,
    "rating": 4,
    "comment": "tetetetet",
    "skipped": false,
    "created_at": "2026-03-31T18:13:33.323Z"
  }
},
{
  "model": "visits.visitreview",
  "pk": 2,
  "fields": {
    "visit": 5,
    "rating": 5,
    "comment": "test",
    "skipped": false,
    "created_at": "2026-03-31T22:41:23.355Z"
  }
},
{
  "model": "visits.visitreview",
  "pk": 3,
  "fields": {
    "visit": 11,
    "rating": 5,
    "comment": "",
    "skipped": false,
    "created_at": "2026-04-02T18:28:34.113Z"
  }
},
{
  "model": "notifications.notification",
  "pk": 1,
  "fields": {
    "user": [
      "vapozif@mailinator.com"
    ],
    "title": "Assignation d'un agent en cours",
    "message": "Votre demande d'assignation est en cours de traitement. Cela prend généralement 24 heures.",
    "type": "system",
    "is_read": false,
    "created_at": "2026-03-31T13:35:25.332Z"
  }
},
{
  "model": "notifications.notification",
  "pk": 2,
  "fields": {
    "user": [
      "vapozif@mailinator.com"
    ],
    "title": "Agent assigné",
    "message": "L'agent Amy Craig (Autre) a accepté de vous prendre en charge.",
    "type": "system",
    "is_read": false,
    "created_at": "2026-03-31T14:34:53.092Z"
  }
},
{
  "model": "notifications.notification",
  "pk": 3,
  "fields": {
    "user": [
      "pyvid@mailinator.com"
    ],
    "title": "Assignation d'un agent en cours",
    "message": "Votre demande d'assignation est en cours de traitement. Cela prend généralement 24 heures.",
    "type": "system",
    "is_read": false,
    "created_at": "2026-03-31T16:16:37.774Z"
  }
},
{
  "model": "notifications.notification",
  "pk": 4,
  "fields": {
    "user": [
      "pyvid@mailinator.com"
    ],
    "title": "Agent assigné",
    "message": "L'agent Amy Craig (Autre) a accepté de vous prendre en charge.",
    "type": "system",
    "is_read": false,
    "created_at": "2026-03-31T16:18:15.074Z"
  }
},
{
  "model": "notifications.notification",
  "pk": 5,
  "fields": {
    "user": [
      "selybigix@mailinator.com"
    ],
    "title": "Assignation d'un agent en cours",
    "message": "Votre demande d'assignation est en cours de traitement. Cela prend généralement 24 heures.",
    "type": "system",
    "is_read": false,
    "created_at": "2026-03-31T22:37:00.897Z"
  }
},
{
  "model": "notifications.notification",
  "pk": 6,
  "fields": {
    "user": [
      "selybigix@mailinator.com"
    ],
    "title": "Agent assigné",
    "message": "L'agent Amy Craig (Autre) a accepté de vous prendre en charge.",
    "type": "system",
    "is_read": false,
    "created_at": "2026-03-31T22:38:59.574Z"
  }
},
{
  "model": "notifications.notification",
  "pk": 7,
  "fields": {
    "user": [
      "muhenoqoza@mailinator.com"
    ],
    "title": "Assignation d'un agent en cours",
    "message": "Votre demande d'assignation est en cours de traitement. Cela prend généralement 24 heures.",
    "type": "system",
    "is_read": false,
    "created_at": "2026-04-02T16:25:13.602Z"
  }
},
{
  "model": "notifications.notification",
  "pk": 8,
  "fields": {
    "user": [
      "cugi@mailinator.com"
    ],
    "title": "Assignation d'un agent en cours",
    "message": "Votre demande d'assignation est en cours de traitement. Cela prend généralement 24 heures.",
    "type": "system",
    "is_read": false,
    "created_at": "2026-04-02T16:35:36.480Z"
  }
},
{
  "model": "notifications.notification",
  "pk": 9,
  "fields": {
    "user": [
      "fezepobylo@mailinator.com"
    ],
    "title": "Nouvelle demande d'assignation",
    "message": "Nouvelle demande d'assignation pour Gray Mccullough.",
    "type": "system",
    "is_read": false,
    "created_at": "2026-04-02T16:39:19.392Z"
  }
},
{
  "model": "notifications.notification",
  "pk": 10,
  "fields": {
    "user": [
      "qarev@mailinator.com"
    ],
    "title": "Assignation en cours",
    "message": "Demande envoyee a l'agent Amy Craig.",
    "type": "system",
    "is_read": false,
    "created_at": "2026-04-02T16:39:19.394Z"
  }
},
{
  "model": "notifications.notification",
  "pk": 11,
  "fields": {
    "user": [
      "qarev@mailinator.com"
    ],
    "title": "Assignation d'un agent en cours",
    "message": "Votre demande d'assignation est en cours de traitement. Cela prend généralement 24 heures.",
    "type": "system",
    "is_read": false,
    "created_at": "2026-04-02T16:39:19.396Z"
  }
},
{
  "model": "notifications.notification",
  "pk": 12,
  "fields": {
    "user": [
      "qarev@mailinator.com"
    ],
    "title": "Agent assigne",
    "message": "L'agent Amy Craig a accepte de vous prendre en charge.",
    "type": "system",
    "is_read": false,
    "created_at": "2026-04-02T16:40:52.061Z"
  }
},
{
  "model": "notifications.notification",
  "pk": 13,
  "fields": {
    "user": [
      "fezepobylo@mailinator.com"
    ],
    "title": "Nouvelle demande d'assignation",
    "message": "Nouvelle demande d'assignation pour AGUEM-MASSINA Yama Espoir.",
    "type": "system",
    "is_read": false,
    "created_at": "2026-04-02T18:09:50.916Z"
  }
},
{
  "model": "notifications.notification",
  "pk": 14,
  "fields": {
    "user": [
      "aguemespoir@gmail.com"
    ],
    "title": "Assignation en cours",
    "message": "Demande envoyee a l'agent Amy Craig.",
    "type": "system",
    "is_read": false,
    "created_at": "2026-04-02T18:09:50.918Z"
  }
},
{
  "model": "notifications.notification",
  "pk": 15,
  "fields": {
    "user": [
      "aguemespoir@gmail.com"
    ],
    "title": "Assignation d'un agent en cours",
    "message": "Votre demande d'assignation est en cours de traitement. Cela prend généralement 24 heures.",
    "type": "system",
    "is_read": false,
    "created_at": "2026-04-02T18:09:50.920Z"
  }
},
{
  "model": "notifications.notification",
  "pk": 16,
  "fields": {
    "user": [
      "aguemespoir@gmail.com"
    ],
    "title": "Agent assigne",
    "message": "L'agent Amy Craig a accepte de vous prendre en charge.",
    "type": "system",
    "is_read": false,
    "created_at": "2026-04-02T18:16:17.113Z"
  }
},
{
  "model": "notifications.sosalert",
  "pk": 1,
  "fields": {
    "patient": 6,
    "latitude": null,
    "longitude": null,
    "message": "Urgence signalée depuis le tableau de bord.",
    "is_resolved": false,
    "resolved_at": null,
    "created_at": "2026-03-31T22:37:03.504Z"
  }
},
{
  "model": "admin_api.adminsetting",
  "pk": 1,
  "fields": {
    "key": "assignment_notice_duration",
    "value": "24 heures",
    "description": "Durée indicative communiquée au patient lors de l'inscription pour l'assignation d'un agent (ex: \"24 heures\", \"48 heures\").",
    "updated_at": "2026-03-30T23:32:37.507Z"
  }
},
{
  "model": "admin_api.adminsetting",
  "pk": 2,
  "fields": {
    "key": "assignment_request_timeout_hours",
    "value": "6",
    "description": "Délai (en heures) accordé à un agent pour répondre à une demande d'assignation.",
    "updated_at": "2026-03-30T23:32:37.512Z"
  }
},
{
  "model": "admin_api.adminsetting",
  "pk": 3,
  "fields": {
    "key": "matching_retry_delay_hours",
    "value": "6",
    "description": "Délai (en heures) avant de relancer le matching si aucun agent n'a accepté.",
    "updated_at": "2026-03-30T23:32:37.514Z"
  }
},
{
  "model": "admin_api.adminsetting",
  "pk": 4,
  "fields": {
    "key": "matching_max_retries",
    "value": "3",
    "description": "Nombre maximum de tentatives de matching avant d'abandonner.",
    "updated_at": "2026-03-30T23:32:37.515Z"
  }
},
{
  "model": "matching.assignmentqueue",
  "pk": 1,
  "fields": {
    "patient": 4,
    "ordered_agent_ids": [
      5
    ],
    "current_index": 0,
    "status": "assigned",
    "retry_count": 0,
    "next_retry_at": null,
    "last_processed_at": null,
    "failure_notified_at": null,
    "created_at": "2026-03-31T13:35:25.456Z",
    "updated_at": "2026-03-31T14:34:53.046Z"
  }
},
{
  "model": "matching.assignmentqueue",
  "pk": 2,
  "fields": {
    "patient": 5,
    "ordered_agent_ids": [
      5
    ],
    "current_index": 0,
    "status": "assigned",
    "retry_count": 0,
    "next_retry_at": null,
    "last_processed_at": null,
    "failure_notified_at": null,
    "created_at": "2026-03-31T16:16:38.149Z",
    "updated_at": "2026-03-31T16:18:15.012Z"
  }
},
{
  "model": "matching.assignmentqueue",
  "pk": 3,
  "fields": {
    "patient": 6,
    "ordered_agent_ids": [
      5
    ],
    "current_index": 0,
    "status": "assigned",
    "retry_count": 0,
    "next_retry_at": null,
    "last_processed_at": null,
    "failure_notified_at": null,
    "created_at": "2026-03-31T22:37:01.204Z",
    "updated_at": "2026-03-31T22:38:59.545Z"
  }
},
{
  "model": "matching.assignmentqueue",
  "pk": 4,
  "fields": {
    "patient": 7,
    "ordered_agent_ids": [
      5
    ],
    "current_index": 0,
    "status": "pending",
    "retry_count": 0,
    "next_retry_at": null,
    "last_processed_at": "2026-04-02T16:25:13.596Z",
    "failure_notified_at": null,
    "created_at": "2026-04-02T16:25:13.597Z",
    "updated_at": "2026-04-02T16:25:13.597Z"
  }
},
{
  "model": "matching.assignmentqueue",
  "pk": 5,
  "fields": {
    "patient": 8,
    "ordered_agent_ids": [
      5
    ],
    "current_index": 0,
    "status": "pending",
    "retry_count": 0,
    "next_retry_at": null,
    "last_processed_at": "2026-04-02T16:35:36.462Z",
    "failure_notified_at": null,
    "created_at": "2026-04-02T16:35:36.463Z",
    "updated_at": "2026-04-02T16:35:36.463Z"
  }
},
{
  "model": "matching.assignmentqueue",
  "pk": 6,
  "fields": {
    "patient": 9,
    "ordered_agent_ids": [
      5
    ],
    "current_index": 0,
    "status": "assigned",
    "retry_count": 0,
    "next_retry_at": null,
    "last_processed_at": "2026-04-02T16:39:19.381Z",
    "failure_notified_at": null,
    "created_at": "2026-04-02T16:39:19.380Z",
    "updated_at": "2026-04-02T16:40:52.027Z"
  }
},
{
  "model": "matching.assignmentqueue",
  "pk": 7,
  "fields": {
    "patient": 11,
    "ordered_agent_ids": [
      5
    ],
    "current_index": 0,
    "status": "assigned",
    "retry_count": 0,
    "next_retry_at": null,
    "last_processed_at": "2026-04-02T18:09:50.906Z",
    "failure_notified_at": null,
    "created_at": "2026-04-02T18:09:50.905Z",
    "updated_at": "2026-04-02T18:16:17.082Z"
  }
},
{
  "model": "matching.assignmentrequest",
  "pk": 1,
  "fields": {
    "queue": 1,
    "patient": 4,
    "agent": 5,
    "status": "accepted",
    "expires_at": "2026-03-31T19:35:25.570Z",
    "created_at": "2026-03-31T13:35:25.571Z",
    "responded_at": "2026-03-31T14:34:53.041Z"
  }
},
{
  "model": "matching.assignmentrequest",
  "pk": 2,
  "fields": {
    "queue": 2,
    "patient": 5,
    "agent": 5,
    "status": "accepted",
    "expires_at": "2026-03-31T22:16:38.401Z",
    "created_at": "2026-03-31T16:16:38.403Z",
    "responded_at": "2026-03-31T16:18:15.011Z"
  }
},
{
  "model": "matching.assignmentrequest",
  "pk": 3,
  "fields": {
    "queue": 3,
    "patient": 6,
    "agent": 5,
    "status": "accepted",
    "expires_at": "2026-04-01T04:37:01.373Z",
    "created_at": "2026-03-31T22:37:01.375Z",
    "responded_at": "2026-03-31T22:38:59.544Z"
  }
},
{
  "model": "matching.assignmentrequest",
  "pk": 4,
  "fields": {
    "queue": 6,
    "patient": 9,
    "agent": 5,
    "status": "accepted",
    "expires_at": "2026-04-02T22:39:19.389Z",
    "created_at": "2026-04-02T16:39:19.390Z",
    "responded_at": "2026-04-02T16:40:52.025Z"
  }
},
{
  "model": "matching.assignmentrequest",
  "pk": 5,
  "fields": {
    "queue": 7,
    "patient": 11,
    "agent": 5,
    "status": "accepted",
    "expires_at": "2026-04-03T00:09:50.913Z",
    "created_at": "2026-04-02T18:09:50.914Z",
    "responded_at": "2026-04-02T18:16:17.080Z"
  }
},
{
  "model": "token_blacklist.outstandingtoken",
  "pk": 1,
  "fields": {
    "user": [
      "admin@gmail.com"
    ],
    "jti": "5a6fb255ce45484f82683c69c15d56a3",
    "token": "eyJhbGciOiJIUzI1NiIsInR5cCI6IkpXVCJ9.eyJ0b2tlbl90eXBlIjoicmVmcmVzaCIsImV4cCI6MTc3NTQ3NDY4NiwiaWF0IjoxNzc0ODY5ODg2LCJqdGkiOiI1YTZmYjI1NWNlNDU0ODRmODI2ODNjNjljMTVkNTZhMyIsInVzZXJfaWQiOiIxIn0.dcfWUP34qSN_L-vh-zOJJ5PPEnVHMBUmN6HRHq-0EUM",
    "created_at": "2026-03-30T11:24:46.472Z",
    "expires_at": "2026-04-06T11:24:46Z"
  }
},
{
  "model": "token_blacklist.outstandingtoken",
  "pk": 2,
  "fields": {
    "user": [
      "sekuqeb@mailinator.com"
    ],
    "jti": "75737b2791c744c0ba6d24d8cf45d4b1",
    "token": "eyJhbGciOiJIUzI1NiIsInR5cCI6IkpXVCJ9.eyJ0b2tlbl90eXBlIjoicmVmcmVzaCIsImV4cCI6MTc3NTQ3NTc5MSwiaWF0IjoxNzc0ODcwOTkxLCJqdGkiOiI3NTczN2IyNzkxYzc0NGMwYmE2ZDI0ZDhjZjQ1ZDRiMSIsInVzZXJfaWQiOiIyIn0.-jQqTxC0lh5hOs89cXhweBkRqm9beA3rBTvnfAXxrDE",
    "created_at": "2026-03-30T11:43:11.427Z",
    "expires_at": "2026-04-06T11:43:11Z"
  }
},
{
  "model": "token_blacklist.outstandingtoken",
  "pk": 3,
  "fields": {
    "user": [
      "sekuqeb@mailinator.com"
    ],
    "jti": "c19dff1c0b3b49d1a1da54c4c0c2f85b",
    "token": "eyJhbGciOiJIUzI1NiIsInR5cCI6IkpXVCJ9.eyJ0b2tlbl90eXBlIjoicmVmcmVzaCIsImV4cCI6MTc3NTQ3NjQ5NiwiaWF0IjoxNzc0ODcxNjk2LCJqdGkiOiJjMTlkZmYxYzBiM2I0OWQxYTFkYTU0YzRjMGMyZjg1YiIsInVzZXJfaWQiOiIyIn0.lco_e2kzFrXOT6ki9nj4xL2h6CKwGO2QSIQ8MU9yeSQ",
    "created_at": "2026-03-30T11:54:56.645Z",
    "expires_at": "2026-04-06T11:54:56Z"
  }
},
{
  "model": "token_blacklist.outstandingtoken",
  "pk": 4,
  "fields": {
    "user": [
      "admin@gmail.com"
    ],
    "jti": "25a745b9d2864c0780d6848e6a639e52",
    "token": "eyJhbGciOiJIUzI1NiIsInR5cCI6IkpXVCJ9.eyJ0b2tlbl90eXBlIjoicmVmcmVzaCIsImV4cCI6MTc3NTQ3NjUwNSwiaWF0IjoxNzc0ODcxNzA1LCJqdGkiOiIyNWE3NDViOWQyODY0YzA3ODBkNjg0OGU2YTYzOWU1MiIsInVzZXJfaWQiOiIxIn0.mFlTpS3l9qoEF7GX1bd-sJFDOnv5tZbW6Ev-CWZj2o0",
    "created_at": "2026-03-30T11:55:05.554Z",
    "expires_at": "2026-04-06T11:55:05Z"
  }
},
{
  "model": "token_blacklist.outstandingtoken",
  "pk": 5,
  "fields": {
    "user": [
      "nizyvozopy@mailinator.com"
    ],
    "jti": "4253a87b515d4d418f8c394f4f078b37",
    "token": "eyJhbGciOiJIUzI1NiIsInR5cCI6IkpXVCJ9.eyJ0b2tlbl90eXBlIjoicmVmcmVzaCIsImV4cCI6MTc3NTQ4MDA0MSwiaWF0IjoxNzc0ODc1MjQxLCJqdGkiOiI0MjUzYTg3YjUxNWQ0ZDQxOGY4YzM5NGY0ZjA3OGIzNyIsInVzZXJfaWQiOiIzIn0.gd_1LPi1NQGKqdhFqd83gUBmzlqMoWx99bSdFuigBrs",
    "created_at": "2026-03-30T12:54:01.003Z",
    "expires_at": "2026-04-06T12:54:01Z"
  }
},
{
  "model": "token_blacklist.outstandingtoken",
  "pk": 6,
  "fields": {
    "user": [
      "admin@gmail.com"
    ],
    "jti": "bdd0ac68ccf6476c938132952705ac98",
    "token": "eyJhbGciOiJIUzI1NiIsInR5cCI6IkpXVCJ9.eyJ0b2tlbl90eXBlIjoicmVmcmVzaCIsImV4cCI6MTc3NTQ4MDA4MywiaWF0IjoxNzc0ODc1MjgzLCJqdGkiOiJiZGQwYWM2OGNjZjY0NzZjOTM4MTMyOTUyNzA1YWM5OCIsInVzZXJfaWQiOiIxIn0.MM8Y1iSoNdridvlhheBLf6mkLX0ec8uupBqF1zl3Nto",
    "created_at": "2026-03-30T12:54:43.802Z",
    "expires_at": "2026-04-06T12:54:43Z"
  }
},
{
  "model": "token_blacklist.outstandingtoken",
  "pk": 7,
  "fields": {
    "user": [
      "sekuqeb@mailinator.com"
    ],
    "jti": "d7dfc58ca1bc4f688d9788d4ffc8cdda",
    "token": "eyJhbGciOiJIUzI1NiIsInR5cCI6IkpXVCJ9.eyJ0b2tlbl90eXBlIjoicmVmcmVzaCIsImV4cCI6MTc3NTQ4MDMwNywiaWF0IjoxNzc0ODc1NTA3LCJqdGkiOiJkN2RmYzU4Y2ExYmM0ZjY4OGQ5Nzg4ZDRmZmM4Y2RkYSIsInVzZXJfaWQiOiIyIn0.bHycAShQuhlqzVGjj0Ykx0Xw5ZLVVGLZ55KXchvj3_4",
    "created_at": "2026-03-30T12:58:27.203Z",
    "expires_at": "2026-04-06T12:58:27Z"
  }
},
{
  "model": "token_blacklist.outstandingtoken",
  "pk": 8,
  "fields": {
    "user": [
      "xuvo@mailinator.com"
    ],
    "jti": "7a130b7525f24c6ca34e1d6e9587c740",
    "token": "eyJhbGciOiJIUzI1NiIsInR5cCI6IkpXVCJ9.eyJ0b2tlbl90eXBlIjoicmVmcmVzaCIsImV4cCI6MTc3NTQ4MTczOCwiaWF0IjoxNzc0ODc2OTM4LCJqdGkiOiI3YTEzMGI3NTI1ZjI0YzZjYTM0ZTFkNmU5NTg3Yzc0MCIsInVzZXJfaWQiOiI0In0.oZDWKg795lN49VA9oj5D8xO7Uhx5ojihBeE7XPVCDes",
    "created_at": "2026-03-30T13:22:18.595Z",
    "expires_at": "2026-04-06T13:22:18Z"
  }
},
{
  "model": "token_blacklist.outstandingtoken",
  "pk": 9,
  "fields": {
    "user": [
      "admin@gmail.com"
    ],
    "jti": "dd1b78f39e9e483d9102131c59a4b1b4",
    "token": "eyJhbGciOiJIUzI1NiIsInR5cCI6IkpXVCJ9.eyJ0b2tlbl90eXBlIjoicmVmcmVzaCIsImV4cCI6MTc3NTQ4MTg0MiwiaWF0IjoxNzc0ODc3MDQyLCJqdGkiOiJkZDFiNzhmMzllOWU0ODNkOTEwMjEzMWM1OWE0YjFiNCIsInVzZXJfaWQiOiIxIn0.KALedIsBmaB2SxcJWvfee3yOmFIMAvD0Pobj7ExUI70",
    "created_at": "2026-03-30T13:24:02.060Z",
    "expires_at": "2026-04-06T13:24:02Z"
  }
},
{
  "model": "token_blacklist.outstandingtoken",
  "pk": 10,
  "fields": {
    "user": [
      "tebajeh@mailinator.com"
    ],
    "jti": "03bb99e9d1c24032ae2fedbb913a837b",
    "token": "eyJhbGciOiJIUzI1NiIsInR5cCI6IkpXVCJ9.eyJ0b2tlbl90eXBlIjoicmVmcmVzaCIsImV4cCI6MTc3NTQ4MjM0NiwiaWF0IjoxNzc0ODc3NTQ2LCJqdGkiOiIwM2JiOTllOWQxYzI0MDMyYWUyZmVkYmI5MTNhODM3YiIsInVzZXJfaWQiOiI1In0.X15kLLDTb9gpcoOkuqZzEVfagQ5bWhAK_-kjA0wZexU",
    "created_at": "2026-03-30T13:32:26.038Z",
    "expires_at": "2026-04-06T13:32:26Z"
  }
},
{
  "model": "token_blacklist.outstandingtoken",
  "pk": 11,
  "fields": {
    "user": [
      "admin@gmail.com"
    ],
    "jti": "cc514064e02f4becb33ed096ea0c73a9",
    "token": "eyJhbGciOiJIUzI1NiIsInR5cCI6IkpXVCJ9.eyJ0b2tlbl90eXBlIjoicmVmcmVzaCIsImV4cCI6MTc3NTQ4MjQzMSwiaWF0IjoxNzc0ODc3NjMxLCJqdGkiOiJjYzUxNDA2NGUwMmY0YmVjYjMzZWQwOTZlYTBjNzNhOSIsInVzZXJfaWQiOiIxIn0.JVFN7bEguzhEd4YPQKyLneQQm8L1WOtDcBGPOfnlJjk",
    "created_at": "2026-03-30T13:33:51.513Z",
    "expires_at": "2026-04-06T13:33:51Z"
  }
},
{
  "model": "token_blacklist.outstandingtoken",
  "pk": 12,
  "fields": {
    "user": [
      "tebajeh@mailinator.com"
    ],
    "jti": "a78fe32967574ab48b31e3457de86ae1",
    "token": "eyJhbGciOiJIUzI1NiIsInR5cCI6IkpXVCJ9.eyJ0b2tlbl90eXBlIjoicmVmcmVzaCIsImV4cCI6MTc3NTQ4MjQ3MSwiaWF0IjoxNzc0ODc3NjcxLCJqdGkiOiJhNzhmZTMyOTY3NTc0YWI0OGIzMWUzNDU3ZGU4NmFlMSIsInVzZXJfaWQiOiI1In0.e_kR_3vMp9qRV76u4E95RpYEm6dXQDwv-IBjqhjQ8Lc",
    "created_at": "2026-03-30T13:34:31.903Z",
    "expires_at": "2026-04-06T13:34:31Z"
  }
},
{
  "model": "token_blacklist.outstandingtoken",
  "pk": 13,
  "fields": {
    "user": [
      "admin@gmail.com"
    ],
    "jti": "637e4a6159714e8588290419a2c34fb7",
    "token": "eyJhbGciOiJIUzI1NiIsInR5cCI6IkpXVCJ9.eyJ0b2tlbl90eXBlIjoicmVmcmVzaCIsImV4cCI6MTc3NTQ4MjU3NywiaWF0IjoxNzc0ODc3Nzc3LCJqdGkiOiI2MzdlNGE2MTU5NzE0ZTg1ODgyOTA0MTlhMmMzNGZiNyIsInVzZXJfaWQiOiIxIn0.ObMJ-JEW6JHKkt1BnT0vbATcapVDtvdCudLhkJ37nBU",
    "created_at": "2026-03-30T13:36:17.322Z",
    "expires_at": "2026-04-06T13:36:17Z"
  }
},
{
  "model": "token_blacklist.outstandingtoken",
  "pk": 14,
  "fields": {
    "user": [
      "tebajeh@mailinator.com"
    ],
    "jti": "da0133528e9d4b40af979c99de3a6177",
    "token": "eyJhbGciOiJIUzI1NiIsInR5cCI6IkpXVCJ9.eyJ0b2tlbl90eXBlIjoicmVmcmVzaCIsImV4cCI6MTc3NTQ4MjYyMSwiaWF0IjoxNzc0ODc3ODIxLCJqdGkiOiJkYTAxMzM1MjhlOWQ0YjQwYWY5NzljOTlkZTNhNjE3NyIsInVzZXJfaWQiOiI1In0.M6F4GDJDakeDfXlR2qo0zCANa2AICgdbRPV1ojAHnrY",
    "created_at": "2026-03-30T13:37:01.706Z",
    "expires_at": "2026-04-06T13:37:01Z"
  }
},
{
  "model": "token_blacklist.outstandingtoken",
  "pk": 15,
  "fields": {
    "user": [
      "xuvo@mailinator.com"
    ],
    "jti": "8b8ba9cdb027457a9b074c0ed70f54b1",
    "token": "eyJhbGciOiJIUzI1NiIsInR5cCI6IkpXVCJ9.eyJ0b2tlbl90eXBlIjoicmVmcmVzaCIsImV4cCI6MTc3NTQ4MjY4NCwiaWF0IjoxNzc0ODc3ODg0LCJqdGkiOiI4YjhiYTljZGIwMjc0NTdhOWIwNzRjMGVkNzBmNTRiMSIsInVzZXJfaWQiOiI0In0.2xhp17BGM0w3ya7dtlV3I403YnQG1Dthi_f6mnluu7o",
    "created_at": "2026-03-30T13:38:04.221Z",
    "expires_at": "2026-04-06T13:38:04Z"
  }
},
{
  "model": "token_blacklist.outstandingtoken",
  "pk": 16,
  "fields": {
    "user": [
      "xuvo@mailinator.com"
    ],
    "jti": "994040fe41b14cb7b020aac316a393dd",
    "token": "eyJhbGciOiJIUzI1NiIsInR5cCI6IkpXVCJ9.eyJ0b2tlbl90eXBlIjoicmVmcmVzaCIsImV4cCI6MTc3NTQ5Njc1OCwiaWF0IjoxNzc0ODkxOTU4LCJqdGkiOiI5OTQwNDBmZTQxYjE0Y2I3YjAyMGFhYzMxNmEzOTNkZCIsInVzZXJfaWQiOiI0In0.glqWn5MN81vHI52_PahsstzdkI9MqkO38JxHumq5s-s",
    "created_at": "2026-03-30T17:32:38.518Z",
    "expires_at": "2026-04-06T17:32:38Z"
  }
},
{
  "model": "token_blacklist.outstandingtoken",
  "pk": 17,
  "fields": {
    "user": [
      "admin@gmail.com"
    ],
    "jti": "63d5bb31e81845aba6f6028effc9153b",
    "token": "eyJhbGciOiJIUzI1NiIsInR5cCI6IkpXVCJ9.eyJ0b2tlbl90eXBlIjoicmVmcmVzaCIsImV4cCI6MTc3NTQ5Nzk3MSwiaWF0IjoxNzc0ODkzMTcxLCJqdGkiOiI2M2Q1YmIzMWU4MTg0NWFiYTZmNjAyOGVmZmM5MTUzYiIsInVzZXJfaWQiOiIxIn0.zLhK8wL8IsasybGxUjSMsi3E_nTdW7V7TYFxXXOR_Z4",
    "created_at": "2026-03-30T17:52:51.969Z",
    "expires_at": "2026-04-06T17:52:51Z"
  }
},
{
  "model": "token_blacklist.outstandingtoken",
  "pk": 18,
  "fields": {
    "user": [
      "bipyw@mailinator.com"
    ],
    "jti": "0506b1992c744b33bcac30c2c2c27f0e",
    "token": "eyJhbGciOiJIUzI1NiIsInR5cCI6IkpXVCJ9.eyJ0b2tlbl90eXBlIjoicmVmcmVzaCIsImV4cCI6MTc3NTUwNDI2NywiaWF0IjoxNzc0ODk5NDY3LCJqdGkiOiIwNTA2YjE5OTJjNzQ0YjMzYmNhYzMwYzJjMmMyN2YwZSIsInVzZXJfaWQiOjZ9.0j5vIoEkpCmgJwg04qbI7cV28pNeHzUYRDZ1AbfXTQw",
    "created_at": "2026-03-30T19:37:47.773Z",
    "expires_at": "2026-04-06T19:37:47Z"
  }
},
{
  "model": "token_blacklist.outstandingtoken",
  "pk": 19,
  "fields": {
    "user": [
      "fezepobylo@mailinator.com"
    ],
    "jti": "772b98e3490d477f8e4944b80efc4c27",
    "token": "eyJhbGciOiJIUzI1NiIsInR5cCI6IkpXVCJ9.eyJ0b2tlbl90eXBlIjoicmVmcmVzaCIsImV4cCI6MTc3NTUwNDk5NSwiaWF0IjoxNzc0OTAwMTk1LCJqdGkiOiI3NzJiOThlMzQ5MGQ0NzdmOGU0OTQ0YjgwZWZjNGMyNyIsInVzZXJfaWQiOjh9.2l-4uBsXuC5V4eN3ygApuP9hEk0bmtMWByltuGuafqk",
    "created_at": "2026-03-30T19:49:55.922Z",
    "expires_at": "2026-04-06T19:49:55Z"
  }
},
{
  "model": "token_blacklist.outstandingtoken",
  "pk": 20,
  "fields": {
    "user": [
      "admin@gmail.com"
    ],
    "jti": "4be4ae6168444313ba2879ef6a1b6321",
    "token": "eyJhbGciOiJIUzI1NiIsInR5cCI6IkpXVCJ9.eyJ0b2tlbl90eXBlIjoicmVmcmVzaCIsImV4cCI6MTc3NTUwNTExNywiaWF0IjoxNzc0OTAwMzE3LCJqdGkiOiI0YmU0YWU2MTY4NDQ0MzEzYmEyODc5ZWY2YTFiNjMyMSIsInVzZXJfaWQiOjF9.sFawih5Gn2FizE9ninhZXUsM-ZHjLkwHehzQjWk4AX0",
    "created_at": "2026-03-30T19:51:57.725Z",
    "expires_at": "2026-04-06T19:51:57Z"
  }
},
{
  "model": "token_blacklist.outstandingtoken",
  "pk": 21,
  "fields": {
    "user": [
      "fezepobylo@mailinator.com"
    ],
    "jti": "599f993a2dc74fd185fade3d9171f4a9",
    "token": "eyJhbGciOiJIUzI1NiIsInR5cCI6IkpXVCJ9.eyJ0b2tlbl90eXBlIjoicmVmcmVzaCIsImV4cCI6MTc3NTUwNTE5NiwiaWF0IjoxNzc0OTAwMzk2LCJqdGkiOiI1OTlmOTkzYTJkYzc0ZmQxODVmYWRlM2Q5MTcxZjRhOSIsInVzZXJfaWQiOjh9.nWOEFBA8dR-MJQ8E-iYhUWtH8CdGnV7c4A2iOKjvNpA",
    "created_at": "2026-03-30T19:53:16.373Z",
    "expires_at": "2026-04-06T19:53:16Z"
  }
},
{
  "model": "token_blacklist.outstandingtoken",
  "pk": 22,
  "fields": {
    "user": [
      "fezepobylo@mailinator.com"
    ],
    "jti": "ee223ce9ee3c41d78d60bcc171be607e",
    "token": "eyJhbGciOiJIUzI1NiIsInR5cCI6IkpXVCJ9.eyJ0b2tlbl90eXBlIjoicmVmcmVzaCIsImV4cCI6MTc3NTUwNTk1MSwiaWF0IjoxNzc0OTAxMTUxLCJqdGkiOiJlZTIyM2NlOWVlM2M0MWQ3OGQ2MGJjYzE3MWJlNjA3ZSIsInVzZXJfaWQiOjh9.RXlLe4FWZFoRdvoMxI0PcQnpC2o6DCtQ6Q4g7HAOMSg",
    "created_at": "2026-03-30T20:05:51.992Z",
    "expires_at": "2026-04-06T20:05:51Z"
  }
},
{
  "model": "token_blacklist.outstandingtoken",
  "pk": 23,
  "fields": {
    "user": [
      "admin@gmail.com"
    ],
    "jti": "ed82f2cecba74b5788861550065443ca",
    "token": "eyJhbGciOiJIUzI1NiIsInR5cCI6IkpXVCJ9.eyJ0b2tlbl90eXBlIjoicmVmcmVzaCIsImV4cCI6MTc3NTUwNTk1OSwiaWF0IjoxNzc0OTAxMTU5LCJqdGkiOiJlZDgyZjJjZWNiYTc0YjU3ODg4NjE1NTAwNjU0NDNjYSIsInVzZXJfaWQiOjF9.uigdTpd4UEpYpCFV32D_Ii-eV09udviKinJYhcZwuhU",
    "created_at": "2026-03-30T20:05:59.098Z",
    "expires_at": "2026-04-06T20:05:59Z"
  }
},
{
  "model": "token_blacklist.outstandingtoken",
  "pk": 24,
  "fields": {
    "user": [
      "fezepobylo@mailinator.com"
    ],
    "jti": "e53a49ef6d8d4d8bbf57ad53a874f094",
    "token": "eyJhbGciOiJIUzI1NiIsInR5cCI6IkpXVCJ9.eyJ0b2tlbl90eXBlIjoicmVmcmVzaCIsImV4cCI6MTc3NTUwNTk3NywiaWF0IjoxNzc0OTAxMTc3LCJqdGkiOiJlNTNhNDllZjZkOGQ0ZDhiYmY1N2FkNTNhODc0ZjA5NCIsInVzZXJfaWQiOjh9.pxLFHqHdnRI-pBLfPCFSOpPADH-jKpH_aAFUCHCGzBM",
    "created_at": "2026-03-30T20:06:17.998Z",
    "expires_at": "2026-04-06T20:06:17Z"
  }
},
{
  "model": "token_blacklist.outstandingtoken",
  "pk": 25,
  "fields": {
    "user": [
      "admin@gmail.com"
    ],
    "jti": "7112939d4f004704a11c9d32705ae79e",
    "token": "eyJhbGciOiJIUzI1NiIsInR5cCI6IkpXVCJ9.eyJ0b2tlbl90eXBlIjoicmVmcmVzaCIsImV4cCI6MTc3NTU1NjAyNSwiaWF0IjoxNzc0OTUxMjI1LCJqdGkiOiI3MTEyOTM5ZDRmMDA0NzA0YTExYzlkMzI3MDVhZTc5ZSIsInVzZXJfaWQiOjF9.aQgHZOXrP911rKoMRl6WlZzjJl2U3obBELNqiL5qmog",
    "created_at": "2026-03-31T10:00:25.656Z",
    "expires_at": "2026-04-07T10:00:25Z"
  }
},
{
  "model": "token_blacklist.outstandingtoken",
  "pk": 26,
  "fields": {
    "user": [
      "cahe@mailinator.com"
    ],
    "jti": "b4b158953bfd4963b303158934dd1247",
    "token": "eyJhbGciOiJIUzI1NiIsInR5cCI6IkpXVCJ9.eyJ0b2tlbl90eXBlIjoicmVmcmVzaCIsImV4cCI6MTc3NTU1ODQxNiwiaWF0IjoxNzc0OTUzNjE2LCJqdGkiOiJiNGIxNTg5NTNiZmQ0OTYzYjMwMzE1ODkzNGRkMTI0NyIsInVzZXJfaWQiOjl9.K2SpJPLsuLvTcLYjXbMjF_N0zmglN4-ohrMI59F5CHY",
    "created_at": "2026-03-31T10:40:16.500Z",
    "expires_at": "2026-04-07T10:40:16Z"
  }
},
{
  "model": "token_blacklist.outstandingtoken",
  "pk": 27,
  "fields": {
    "user": [
      "cahe@mailinator.com"
    ],
    "jti": "4ac7e93549034f3b8c33ed15523db5f4",
    "token": "eyJhbGciOiJIUzI1NiIsInR5cCI6IkpXVCJ9.eyJ0b2tlbl90eXBlIjoicmVmcmVzaCIsImV4cCI6MTc3NTU1ODQyNywiaWF0IjoxNzc0OTUzNjI3LCJqdGkiOiI0YWM3ZTkzNTQ5MDM0ZjNiOGMzM2VkMTU1MjNkYjVmNCIsInVzZXJfaWQiOjl9.2loJW4k2cLR64_2Lv109-TPU6SviNDex_n591visFGA",
    "created_at": "2026-03-31T10:40:27.797Z",
    "expires_at": "2026-04-07T10:40:27Z"
  }
},
{
  "model": "token_blacklist.outstandingtoken",
  "pk": 28,
  "fields": {
    "user": [
      "admin@gmail.com"
    ],
    "jti": "0fd43950f1ad49ec83219b43d6322232",
    "token": "eyJhbGciOiJIUzI1NiIsInR5cCI6IkpXVCJ9.eyJ0b2tlbl90eXBlIjoicmVmcmVzaCIsImV4cCI6MTc3NTU1ODQ1MSwiaWF0IjoxNzc0OTUzNjUxLCJqdGkiOiIwZmQ0Mzk1MGYxYWQ0OWVjODMyMTliNDNkNjMyMjIzMiIsInVzZXJfaWQiOjF9.fcLQZdZUMOPzj5jNnChmGxt_7-DIh-NGFDRjE-Du8Fc",
    "created_at": "2026-03-31T10:40:51.866Z",
    "expires_at": "2026-04-07T10:40:51Z"
  }
},
{
  "model": "token_blacklist.outstandingtoken",
  "pk": 29,
  "fields": {
    "user": [
      "noxeruk@mailinator.com"
    ],
    "jti": "7e42d6135dbc41ac906609c715bf9b2b",
    "token": "eyJhbGciOiJIUzI1NiIsInR5cCI6IkpXVCJ9.eyJ0b2tlbl90eXBlIjoicmVmcmVzaCIsImV4cCI6MTc3NTU2MDUwNywiaWF0IjoxNzc0OTU1NzA3LCJqdGkiOiI3ZTQyZDYxMzVkYmM0MWFjOTA2NjA5YzcxNWJmOWIyYiIsInVzZXJfaWQiOjEwfQ.NMzF3oA7r10lPAYZxXODXg5iGAzRBa-nQcCmnhHsSx8",
    "created_at": "2026-03-31T11:15:07.114Z",
    "expires_at": "2026-04-07T11:15:07Z"
  }
},
{
  "model": "token_blacklist.outstandingtoken",
  "pk": 30,
  "fields": {
    "user": [
      "admin@gmail.com"
    ],
    "jti": "a84cf683f11b4aae8130c3e505c1169d",
    "token": "eyJhbGciOiJIUzI1NiIsInR5cCI6IkpXVCJ9.eyJ0b2tlbl90eXBlIjoicmVmcmVzaCIsImV4cCI6MTc3NTU2MDUyNywiaWF0IjoxNzc0OTU1NzI3LCJqdGkiOiJhODRjZjY4M2YxMWI0YWFlODEzMGMzZTUwNWMxMTY5ZCIsInVzZXJfaWQiOjF9._sV_-wUczbB8t9AGa7IscetbvfzXYukJZLuKlH0eLS0",
    "created_at": "2026-03-31T11:15:27.424Z",
    "expires_at": "2026-04-07T11:15:27Z"
  }
},
{
  "model": "token_blacklist.outstandingtoken",
  "pk": 31,
  "fields": {
    "user": [
      "noxeruk@mailinator.com"
    ],
    "jti": "7d9a29a05f834cd2a600708de58a368b",
    "token": "eyJhbGciOiJIUzI1NiIsInR5cCI6IkpXVCJ9.eyJ0b2tlbl90eXBlIjoicmVmcmVzaCIsImV4cCI6MTc3NTU2NzUyMiwiaWF0IjoxNzc0OTYyNzIyLCJqdGkiOiI3ZDlhMjlhMDVmODM0Y2QyYTYwMDcwOGRlNThhMzY4YiIsInVzZXJfaWQiOjEwfQ.c4bkWhPZh5_z-hXHp4ue9neDLKLVwo7D_qzN3zArvH0",
    "created_at": "2026-03-31T13:12:02.788Z",
    "expires_at": "2026-04-07T13:12:02Z"
  }
},
{
  "model": "token_blacklist.outstandingtoken",
  "pk": 32,
  "fields": {
    "user": [
      "nahifacoxu@mailinator.com"
    ],
    "jti": "4686b5fee4244d4990fb44d5fafdf906",
    "token": "eyJhbGciOiJIUzI1NiIsInR5cCI6IkpXVCJ9.eyJ0b2tlbl90eXBlIjoicmVmcmVzaCIsImV4cCI6MTc3NTU2NzY4NSwiaWF0IjoxNzc0OTYyODg1LCJqdGkiOiI0Njg2YjVmZWU0MjQ0ZDQ5OTBmYjQ0ZDVmYWZkZjkwNiIsInVzZXJfaWQiOjExfQ.f2FIwdnu6gMYEc2Se8D6EUbB7al6_FTnFevckAgypco",
    "created_at": "2026-03-31T13:14:45.683Z",
    "expires_at": "2026-04-07T13:14:45Z"
  }
},
{
  "model": "token_blacklist.outstandingtoken",
  "pk": 33,
  "fields": {
    "user": [
      "admin@gmail.com"
    ],
    "jti": "70d8e96d9aa648d9a9a489a25d066028",
    "token": "eyJhbGciOiJIUzI1NiIsInR5cCI6IkpXVCJ9.eyJ0b2tlbl90eXBlIjoicmVmcmVzaCIsImV4cCI6MTc3NTU2Nzc5OCwiaWF0IjoxNzc0OTYyOTk4LCJqdGkiOiI3MGQ4ZTk2ZDlhYTY0OGQ5YTlhNDg5YTI1ZDA2NjAyOCIsInVzZXJfaWQiOjF9.i1XUr8a3YdGCbPMviWyGK2HjrB6Vaj_CpHeE5mvEIgc",
    "created_at": "2026-03-31T13:16:38.282Z",
    "expires_at": "2026-04-07T13:16:38Z"
  }
},
{
  "model": "token_blacklist.outstandingtoken",
  "pk": 34,
  "fields": {
    "user": [
      "vapozif@mailinator.com"
    ],
    "jti": "d5bb0824b695432c86bcf1164aa7ec0f",
    "token": "eyJhbGciOiJIUzI1NiIsInR5cCI6IkpXVCJ9.eyJ0b2tlbl90eXBlIjoicmVmcmVzaCIsImV4cCI6MTc3NTU2ODkyNSwiaWF0IjoxNzc0OTY0MTI1LCJqdGkiOiJkNWJiMDgyNGI2OTU0MzJjODZiY2YxMTY0YWE3ZWMwZiIsInVzZXJfaWQiOjEyfQ.4YJB-vaypxvY5fhTVovbv_dlljqi3xRQWRxR48AX-7g",
    "created_at": "2026-03-31T13:35:25.126Z",
    "expires_at": "2026-04-07T13:35:25Z"
  }
},
{
  "model": "token_blacklist.outstandingtoken",
  "pk": 35,
  "fields": {
    "user": [
      "admin@gmail.com"
    ],
    "jti": "ca054375236647aa8aac335e29466ea6",
    "token": "eyJhbGciOiJIUzI1NiIsInR5cCI6IkpXVCJ9.eyJ0b2tlbl90eXBlIjoicmVmcmVzaCIsImV4cCI6MTc3NTU2OTAxNiwiaWF0IjoxNzc0OTY0MjE2LCJqdGkiOiJjYTA1NDM3NTIzNjY0N2FhOGFhYzMzNWUyOTQ2NmVhNiIsInVzZXJfaWQiOjF9.EPAOQBcAvSto0y0YBpSWfyYF8JnWRPOvO9WGTuLD0Ac",
    "created_at": "2026-03-31T13:36:56.251Z",
    "expires_at": "2026-04-07T13:36:56Z"
  }
},
{
  "model": "token_blacklist.outstandingtoken",
  "pk": 36,
  "fields": {
    "user": [
      "tebajeh@mailinator.com"
    ],
    "jti": "b3c00509ef2945dba170ee79d2aafce6",
    "token": "eyJhbGciOiJIUzI1NiIsInR5cCI6IkpXVCJ9.eyJ0b2tlbl90eXBlIjoicmVmcmVzaCIsImV4cCI6MTc3NTU2OTE2NCwiaWF0IjoxNzc0OTY0MzY0LCJqdGkiOiJiM2MwMDUwOWVmMjk0NWRiYTE3MGVlNzlkMmFhZmNlNiIsInVzZXJfaWQiOjV9.8bFYjDsEIRTVciPniQzJuqOBhsxL2Uh7YJEZP9UXGNU",
    "created_at": "2026-03-31T13:39:24.109Z",
    "expires_at": "2026-04-07T13:39:24Z"
  }
},
{
  "model": "token_blacklist.outstandingtoken",
  "pk": 37,
  "fields": {
    "user": [
      "admin@gmail.com"
    ],
    "jti": "8c02840aded54f32bd83d85fcb3fd21f",
    "token": "eyJhbGciOiJIUzI1NiIsInR5cCI6IkpXVCJ9.eyJ0b2tlbl90eXBlIjoicmVmcmVzaCIsImV4cCI6MTc3NTU2OTI1MiwiaWF0IjoxNzc0OTY0NDUyLCJqdGkiOiI4YzAyODQwYWRlZDU0ZjMyYmQ4M2Q4NWZjYjNmZDIxZiIsInVzZXJfaWQiOjF9.WUs467BjRCCVgSJ-ISgdlIaWZFDsUyiOqAyidTMLO70",
    "created_at": "2026-03-31T13:40:52.073Z",
    "expires_at": "2026-04-07T13:40:52Z"
  }
},
{
  "model": "token_blacklist.outstandingtoken",
  "pk": 38,
  "fields": {
    "user": [
      "admin@gmail.com"
    ],
    "jti": "d49808f8d4e94f76a12f2adca7639bfa",
    "token": "eyJhbGciOiJIUzI1NiIsInR5cCI6IkpXVCJ9.eyJ0b2tlbl90eXBlIjoicmVmcmVzaCIsImV4cCI6MTc3NTU2OTI4MiwiaWF0IjoxNzc0OTY0NDgyLCJqdGkiOiJkNDk4MDhmOGQ0ZTk0Zjc2YTEyZjJhZGNhNzYzOWJmYSIsInVzZXJfaWQiOjF9.W60RY2Q7DlBt_3EaT4JO3UZknIEPnTpzUkCPK4GagYs",
    "created_at": "2026-03-31T13:41:22.363Z",
    "expires_at": "2026-04-07T13:41:22Z"
  }
},
{
  "model": "token_blacklist.outstandingtoken",
  "pk": 39,
  "fields": {
    "user": [
      "nizyvozopy@mailinator.com"
    ],
    "jti": "87806d5d90324fd09b94a9a9e2b4f773",
    "token": "eyJhbGciOiJIUzI1NiIsInR5cCI6IkpXVCJ9.eyJ0b2tlbl90eXBlIjoicmVmcmVzaCIsImV4cCI6MTc3NTU2OTI4OSwiaWF0IjoxNzc0OTY0NDg5LCJqdGkiOiI4NzgwNmQ1ZDkwMzI0ZmQwOWI5NGE5YTllMmI0Zjc3MyIsInVzZXJfaWQiOjN9.ui48RsT9Iu00il4-fPNQAp7kwFQRML4lNYkfh0EjuiU",
    "created_at": "2026-03-31T13:41:29.624Z",
    "expires_at": "2026-04-07T13:41:29Z"
  }
},
{
  "model": "token_blacklist.outstandingtoken",
  "pk": 40,
  "fields": {
    "user": [
      "nizyvozopy@mailinator.com"
    ],
    "jti": "bd25104f78964c29beaefb1c74177471",
    "token": "eyJhbGciOiJIUzI1NiIsInR5cCI6IkpXVCJ9.eyJ0b2tlbl90eXBlIjoicmVmcmVzaCIsImV4cCI6MTc3NTU2OTU2MCwiaWF0IjoxNzc0OTY0NzYwLCJqdGkiOiJiZDI1MTA0Zjc4OTY0YzI5YmVhZWZiMWM3NDE3NzQ3MSIsInVzZXJfaWQiOjN9.f_4zlXqaoojaqNVy0tS1MuoxpwfX28DBipHVksraAMc",
    "created_at": "2026-03-31T13:46:00.357Z",
    "expires_at": "2026-04-07T13:46:00Z"
  }
},
{
  "model": "token_blacklist.outstandingtoken",
  "pk": 41,
  "fields": {
    "user": [
      "fezepobylo@mailinator.com"
    ],
    "jti": "17950fea66254b5faa0290fb3c9fb513",
    "token": "eyJhbGciOiJIUzI1NiIsInR5cCI6IkpXVCJ9.eyJ0b2tlbl90eXBlIjoicmVmcmVzaCIsImV4cCI6MTc3NTU2OTU2MywiaWF0IjoxNzc0OTY0NzYzLCJqdGkiOiIxNzk1MGZlYTY2MjU0YjVmYWEwMjkwZmIzYzlmYjUxMyIsInVzZXJfaWQiOjh9.TocmkYYlmsit_TTsFNsNvszkabnFdJEBH2GTryyLmFo",
    "created_at": "2026-03-31T13:46:03.489Z",
    "expires_at": "2026-04-07T13:46:03Z"
  }
},
{
  "model": "token_blacklist.outstandingtoken",
  "pk": 42,
  "fields": {
    "user": [
      "admin@gmail.com"
    ],
    "jti": "65b4f73fab2a49fbb09713898b996501",
    "token": "eyJhbGciOiJIUzI1NiIsInR5cCI6IkpXVCJ9.eyJ0b2tlbl90eXBlIjoicmVmcmVzaCIsImV4cCI6MTc3NTU3Mjc1MywiaWF0IjoxNzc0OTY3OTUzLCJqdGkiOiI2NWI0ZjczZmFiMmE0OWZiYjA5NzEzODk4Yjk5NjUwMSIsInVzZXJfaWQiOjF9.OZ8LSeXEWht9SpYWitZT_LiPKwMU9HRWhZIR91e1YvU",
    "created_at": "2026-03-31T14:39:13.451Z",
    "expires_at": "2026-04-07T14:39:13Z"
  }
},
{
  "model": "token_blacklist.outstandingtoken",
  "pk": 43,
  "fields": {
    "user": [
      "vapozif@mailinator.com"
    ],
    "jti": "cde00ba3db6a499dbbe29f320bd57655",
    "token": "eyJhbGciOiJIUzI1NiIsInR5cCI6IkpXVCJ9.eyJ0b2tlbl90eXBlIjoicmVmcmVzaCIsImV4cCI6MTc3NTU3MjgwOCwiaWF0IjoxNzc0OTY4MDA4LCJqdGkiOiJjZGUwMGJhM2RiNmE0OTlkYmJlMjlmMzIwYmQ1NzY1NSIsInVzZXJfaWQiOjEyfQ.kGf03-RbWqzMp1_6OVHQiW3L_9xK0Po6gqNBh25kvus",
    "created_at": "2026-03-31T14:40:08.078Z",
    "expires_at": "2026-04-07T14:40:08Z"
  }
},
{
  "model": "token_blacklist.outstandingtoken",
  "pk": 44,
  "fields": {
    "user": [
      "vapozif@mailinator.com"
    ],
    "jti": "d7df5d8f15c54f4ca40973048c311f79",
    "token": "eyJhbGciOiJIUzI1NiIsInR5cCI6IkpXVCJ9.eyJ0b2tlbl90eXBlIjoicmVmcmVzaCIsImV4cCI6MTc3NTU3Mjg1MSwiaWF0IjoxNzc0OTY4MDUxLCJqdGkiOiJkN2RmNWQ4ZjE1YzU0ZjRjYTQwOTczMDQ4YzMxMWY3OSIsInVzZXJfaWQiOjEyfQ.rkakip9k616yhG5GhHvU7E4gKBIYXdJ3rHwKcluypSI",
    "created_at": "2026-03-31T14:40:51.703Z",
    "expires_at": "2026-04-07T14:40:51Z"
  }
},
{
  "model": "token_blacklist.outstandingtoken",
  "pk": 45,
  "fields": {
    "user": [
      "admin@gmail.com"
    ],
    "jti": "de37d1984ca34521a2cd2e7413900781",
    "token": "eyJhbGciOiJIUzI1NiIsInR5cCI6IkpXVCJ9.eyJ0b2tlbl90eXBlIjoicmVmcmVzaCIsImV4cCI6MTc3NTU3Mjg4NSwiaWF0IjoxNzc0OTY4MDg1LCJqdGkiOiJkZTM3ZDE5ODRjYTM0NTIxYTJjZDJlNzQxMzkwMDc4MSIsInVzZXJfaWQiOjF9.N7KW_inpsu8y-gnHMWn9fl4nyHKJke1gv_McP2hxBRc",
    "created_at": "2026-03-31T14:41:25.356Z",
    "expires_at": "2026-04-07T14:41:25Z"
  }
},
{
  "model": "token_blacklist.outstandingtoken",
  "pk": 46,
  "fields": {
    "user": [
      "nizyvozopy@mailinator.com"
    ],
    "jti": "aa46b7b1e7874a8188113538ffdbcfdb",
    "token": "eyJhbGciOiJIUzI1NiIsInR5cCI6IkpXVCJ9.eyJ0b2tlbl90eXBlIjoicmVmcmVzaCIsImV4cCI6MTc3NTU3MjkwOCwiaWF0IjoxNzc0OTY4MTA4LCJqdGkiOiJhYTQ2YjdiMWU3ODc0YTgxODgxMTM1MzhmZmRiY2ZkYiIsInVzZXJfaWQiOjN9.KhISAQYoaDuBWLF5soG4Ts2mlwsqLuLjG3xL3Qzz9Ow",
    "created_at": "2026-03-31T14:41:48.970Z",
    "expires_at": "2026-04-07T14:41:48Z"
  }
},
{
  "model": "token_blacklist.outstandingtoken",
  "pk": 47,
  "fields": {
    "user": [
      "fezepobylo@mailinator.com"
    ],
    "jti": "0b97ea10934f476bb5d9c7834d54b821",
    "token": "eyJhbGciOiJIUzI1NiIsInR5cCI6IkpXVCJ9.eyJ0b2tlbl90eXBlIjoicmVmcmVzaCIsImV4cCI6MTc3NTU3MzE5MCwiaWF0IjoxNzc0OTY4MzkwLCJqdGkiOiIwYjk3ZWExMDkzNGY0NzZiYjVkOWM3ODM0ZDU0YjgyMSIsInVzZXJfaWQiOjh9.uXRqTYxx17DJrPkCaIgFozabNRz5aruCdSJ22SSHAeM",
    "created_at": "2026-03-31T14:46:30.589Z",
    "expires_at": "2026-04-07T14:46:30Z"
  }
},
{
  "model": "token_blacklist.outstandingtoken",
  "pk": 48,
  "fields": {
    "user": [
      "fezepobylo@mailinator.com"
    ],
    "jti": "faf711c68d264ef3a5d20078c3e22fc2",
    "token": "eyJhbGciOiJIUzI1NiIsInR5cCI6IkpXVCJ9.eyJ0b2tlbl90eXBlIjoicmVmcmVzaCIsImV4cCI6MTc3NTU3NDYxOSwiaWF0IjoxNzc0OTY5ODE5LCJqdGkiOiJmYWY3MTFjNjhkMjY0ZWYzYTVkMjAwNzhjM2UyMmZjMiIsInVzZXJfaWQiOjh9.GfqsS7ksw7tv0lE_gflM_eMUo7xcWS0OkPalN1hFGg0",
    "created_at": "2026-03-31T15:10:19.161Z",
    "expires_at": "2026-04-07T15:10:19Z"
  }
},
{
  "model": "token_blacklist.outstandingtoken",
  "pk": 49,
  "fields": {
    "user": [
      "pyvid@mailinator.com"
    ],
    "jti": "f853073d13f143cea0741098973689ad",
    "token": "eyJhbGciOiJIUzI1NiIsInR5cCI6IkpXVCJ9.eyJ0b2tlbl90eXBlIjoicmVmcmVzaCIsImV4cCI6MTc3NTU3ODU5NywiaWF0IjoxNzc0OTczNzk3LCJqdGkiOiJmODUzMDczZDEzZjE0M2NlYTA3NDEwOTg5NzM2ODlhZCIsInVzZXJfaWQiOjEzfQ.vOUWkQ9rU3hnvAK0N96O8jKDpr1-NlAZGU2Ler2afjc",
    "created_at": "2026-03-31T16:16:37.521Z",
    "expires_at": "2026-04-07T16:16:37Z"
  }
},
{
  "model": "token_blacklist.outstandingtoken",
  "pk": 50,
  "fields": {
    "user": [
      "pyvid@mailinator.com"
    ],
    "jti": "929576ce12c94e4e911bb8509c81eaed",
    "token": "eyJhbGciOiJIUzI1NiIsInR5cCI6IkpXVCJ9.eyJ0b2tlbl90eXBlIjoicmVmcmVzaCIsImV4cCI6MTc3NTU3ODY0NywiaWF0IjoxNzc0OTczODQ3LCJqdGkiOiI5Mjk1NzZjZTEyYzk0ZTRlOTExYmI4NTA5YzgxZWFlZCIsInVzZXJfaWQiOjEzfQ.iLx_eVYyROCaBMT7psj1ytyfHYA3BWpOHNI5oRGgGg4",
    "created_at": "2026-03-31T16:17:27.719Z",
    "expires_at": "2026-04-07T16:17:27Z"
  }
},
{
  "model": "token_blacklist.outstandingtoken",
  "pk": 51,
  "fields": {
    "user": [
      "fezepobylo@mailinator.com"
    ],
    "jti": "fe9994cb7b32414082435d0e30221562",
    "token": "eyJhbGciOiJIUzI1NiIsInR5cCI6IkpXVCJ9.eyJ0b2tlbl90eXBlIjoicmVmcmVzaCIsImV4cCI6MTc3NTU3ODY4MiwiaWF0IjoxNzc0OTczODgyLCJqdGkiOiJmZTk5OTRjYjdiMzI0MTQwODI0MzVkMGUzMDIyMTU2MiIsInVzZXJfaWQiOjh9.bWdxhJg_SEGGsHMvZp-eeopQ4cDghZi23OUgQ2CrMvs",
    "created_at": "2026-03-31T16:18:02.224Z",
    "expires_at": "2026-04-07T16:18:02Z"
  }
},
{
  "model": "token_blacklist.outstandingtoken",
  "pk": 52,
  "fields": {
    "user": [
      "admin@gmail.com"
    ],
    "jti": "51ff69a40b394014b865a26bdc4db802",
    "token": "eyJhbGciOiJIUzI1NiIsInR5cCI6IkpXVCJ9.eyJ0b2tlbl90eXBlIjoicmVmcmVzaCIsImV4cCI6MTc3NTU3OTg3NiwiaWF0IjoxNzc0OTc1MDc2LCJqdGkiOiI1MWZmNjlhNDBiMzk0MDE0Yjg2NWEyNmJkYzRkYjgwMiIsInVzZXJfaWQiOjF9.IhVxLWEJEp6HGQNAImR9db7aco2ZdM2qtrohjL44T2U",
    "created_at": "2026-03-31T16:37:56.871Z",
    "expires_at": "2026-04-07T16:37:56Z"
  }
},
{
  "model": "token_blacklist.outstandingtoken",
  "pk": 53,
  "fields": {
    "user": [
      "fezepobylo@mailinator.com"
    ],
    "jti": "6232531241274738afd7244e3e4ef8dc",
    "token": "eyJhbGciOiJIUzI1NiIsInR5cCI6IkpXVCJ9.eyJ0b2tlbl90eXBlIjoicmVmcmVzaCIsImV4cCI6MTc3NTU3OTk4OSwiaWF0IjoxNzc0OTc1MTg5LCJqdGkiOiI2MjMyNTMxMjQxMjc0NzM4YWZkNzI0NGUzZTRlZjhkYyIsInVzZXJfaWQiOjh9.6DSr8JYGXcmYw8UaIpp0lfe6uZvfTuFsowvsu6XmFvs",
    "created_at": "2026-03-31T16:39:49.264Z",
    "expires_at": "2026-04-07T16:39:49Z"
  }
},
{
  "model": "token_blacklist.outstandingtoken",
  "pk": 54,
  "fields": {
    "user": [
      "admin@gmail.com"
    ],
    "jti": "e4c7254a6d9c41fe8d7b9f132bd94e03",
    "token": "eyJhbGciOiJIUzI1NiIsInR5cCI6IkpXVCJ9.eyJ0b2tlbl90eXBlIjoicmVmcmVzaCIsImV4cCI6MTc3NTU4MDExNywiaWF0IjoxNzc0OTc1MzE3LCJqdGkiOiJlNGM3MjU0YTZkOWM0MWZlOGQ3YjlmMTMyYmQ5NGUwMyIsInVzZXJfaWQiOjF9.oVNrkkgGtIOhc530m0_JqrQ5O67RsFCdQPBXBEP75_E",
    "created_at": "2026-03-31T16:41:57.073Z",
    "expires_at": "2026-04-07T16:41:57Z"
  }
},
{
  "model": "token_blacklist.outstandingtoken",
  "pk": 55,
  "fields": {
    "user": [
      "fezepobylo@mailinator.com"
    ],
    "jti": "4a88555a34ed4cabbad08ad30fac049c",
    "token": "eyJhbGciOiJIUzI1NiIsInR5cCI6IkpXVCJ9.eyJ0b2tlbl90eXBlIjoicmVmcmVzaCIsImV4cCI6MTc3NTU4MDE2OCwiaWF0IjoxNzc0OTc1MzY4LCJqdGkiOiI0YTg4NTU1YTM0ZWQ0Y2FiYmFkMDhhZDMwZmFjMDQ5YyIsInVzZXJfaWQiOjh9.1-0i19FTaiKAgB8DV1a4YKoExGMRITwzApNDTRZbQmY",
    "created_at": "2026-03-31T16:42:48.880Z",
    "expires_at": "2026-04-07T16:42:48Z"
  }
},
{
  "model": "token_blacklist.outstandingtoken",
  "pk": 56,
  "fields": {
    "user": [
      "pyvid@mailinator.com"
    ],
    "jti": "0cba80e61f504df496dfcb764f4ced2e",
    "token": "eyJhbGciOiJIUzI1NiIsInR5cCI6IkpXVCJ9.eyJ0b2tlbl90eXBlIjoicmVmcmVzaCIsImV4cCI6MTc3NTU4MzYxNywiaWF0IjoxNzc0OTc4ODE3LCJqdGkiOiIwY2JhODBlNjFmNTA0ZGY0OTZkZmNiNzY0ZjRjZWQyZSIsInVzZXJfaWQiOjEzfQ.Azl6GWKldS3YCMOEJRVr_LFmGT_hP_l4zzC_AvSPZzk",
    "created_at": "2026-03-31T17:40:17.839Z",
    "expires_at": "2026-04-07T17:40:17Z"
  }
},
{
  "model": "token_blacklist.outstandingtoken",
  "pk": 57,
  "fields": {
    "user": [
      "pyvid@mailinator.com"
    ],
    "jti": "1e1099d4f2914c1b9320302bb1519964",
    "token": "eyJhbGciOiJIUzI1NiIsInR5cCI6IkpXVCJ9.eyJ0b2tlbl90eXBlIjoicmVmcmVzaCIsImV4cCI6MTc3NTU4NTU5MSwiaWF0IjoxNzc0OTgwNzkxLCJqdGkiOiIxZTEwOTlkNGYyOTE0YzFiOTMyMDMwMmJiMTUxOTk2NCIsInVzZXJfaWQiOjEzfQ.geexIUZ6fYaCX62sHZ8ffQPTQ-aADEPuIdzuMEn0Ctc",
    "created_at": "2026-03-31T18:13:11.270Z",
    "expires_at": "2026-04-07T18:13:11Z"
  }
},
{
  "model": "token_blacklist.outstandingtoken",
  "pk": 58,
  "fields": {
    "user": [
      "admin@gmail.com"
    ],
    "jti": "421a79d26b8241099bfddfbe9d5618db",
    "token": "eyJhbGciOiJIUzI1NiIsInR5cCI6IkpXVCJ9.eyJ0b2tlbl90eXBlIjoicmVmcmVzaCIsImV4cCI6MTc3NTU4NTYyOSwiaWF0IjoxNzc0OTgwODI5LCJqdGkiOiI0MjFhNzlkMjZiODI0MTA5OWJmZGRmYmU5ZDU2MThkYiIsInVzZXJfaWQiOjF9.4RAH0U1ir76n3RIomPeiA5gfx_MtJn45QcmAtEsEM5E",
    "created_at": "2026-03-31T18:13:49.415Z",
    "expires_at": "2026-04-07T18:13:49Z"
  }
},
{
  "model": "token_blacklist.outstandingtoken",
  "pk": 59,
  "fields": {
    "user": [
      "admin@gmail.com"
    ],
    "jti": "1ab9d6f3e8d94f9485089584b2a4bd5d",
    "token": "eyJhbGciOiJIUzI1NiIsInR5cCI6IkpXVCJ9.eyJ0b2tlbl90eXBlIjoicmVmcmVzaCIsImV4cCI6MTc3NTYwMTMyMCwiaWF0IjoxNzc0OTk2NTIwLCJqdGkiOiIxYWI5ZDZmM2U4ZDk0Zjk0ODUwODk1ODRiMmE0YmQ1ZCIsInVzZXJfaWQiOjF9.CLBTl1NlGwWMDT6LJ5qoMcGYaY-Mm20ySnxceSM_Uh8",
    "created_at": "2026-03-31T22:35:20.517Z",
    "expires_at": "2026-04-07T22:35:20Z"
  }
},
{
  "model": "token_blacklist.outstandingtoken",
  "pk": 60,
  "fields": {
    "user": [
      "selybigix@mailinator.com"
    ],
    "jti": "cacf16ae06c248bf948512ade76cfbbc",
    "token": "eyJhbGciOiJIUzI1NiIsInR5cCI6IkpXVCJ9.eyJ0b2tlbl90eXBlIjoicmVmcmVzaCIsImV4cCI6MTc3NTYwMTQyMCwiaWF0IjoxNzc0OTk2NjIwLCJqdGkiOiJjYWNmMTZhZTA2YzI0OGJmOTQ4NTEyYWRlNzZjZmJiYyIsInVzZXJfaWQiOjE0fQ.itMda_8yf1md787qwF-5s4qVB9XQceBqne0ZpcrDp9o",
    "created_at": "2026-03-31T22:37:00.622Z",
    "expires_at": "2026-04-07T22:37:00Z"
  }
},
{
  "model": "token_blacklist.outstandingtoken",
  "pk": 61,
  "fields": {
    "user": [
      "fezepobylo@mailinator.com"
    ],
    "jti": "3c050c09fd29432dace60b9068491113",
    "token": "eyJhbGciOiJIUzI1NiIsInR5cCI6IkpXVCJ9.eyJ0b2tlbl90eXBlIjoicmVmcmVzaCIsImV4cCI6MTc3NTYwMTUyMSwiaWF0IjoxNzc0OTk2NzIxLCJqdGkiOiIzYzA1MGMwOWZkMjk0MzJkYWNlNjBiOTA2ODQ5MTExMyIsInVzZXJfaWQiOjh9.84YOJ5gKvINoHUUHbcT5VS6rVH4ufZft-tWgq9kq718",
    "created_at": "2026-03-31T22:38:41.683Z",
    "expires_at": "2026-04-07T22:38:41Z"
  }
},
{
  "model": "token_blacklist.outstandingtoken",
  "pk": 62,
  "fields": {
    "user": [
      "selybigix@mailinator.com"
    ],
    "jti": "f69d567e300742c584488e3d11bb04a3",
    "token": "eyJhbGciOiJIUzI1NiIsInR5cCI6IkpXVCJ9.eyJ0b2tlbl90eXBlIjoicmVmcmVzaCIsImV4cCI6MTc3NTYwMTY3NywiaWF0IjoxNzc0OTk2ODc3LCJqdGkiOiJmNjlkNTY3ZTMwMDc0MmM1ODQ0ODhlM2QxMWJiMDRhMyIsInVzZXJfaWQiOjE0fQ.IJlM8T3ge2XW4tHYEtINBm5-5RmFVMXYSaNZtlCVuNQ",
    "created_at": "2026-03-31T22:41:17.217Z",
    "expires_at": "2026-04-07T22:41:17Z"
  }
},
{
  "model": "token_blacklist.outstandingtoken",
  "pk": 63,
  "fields": {
    "user": [
      "admin@gmail.com"
    ],
    "jti": "9ac6e73f111b4385a32a433e0c2512e5",
    "token": "eyJhbGciOiJIUzI1NiIsInR5cCI6IkpXVCJ9.eyJ0b2tlbl90eXBlIjoicmVmcmVzaCIsImV4cCI6MTc3NTYwMTk5OSwiaWF0IjoxNzc0OTk3MTk5LCJqdGkiOiI5YWM2ZTczZjExMWI0Mzg1YTMyYTQzM2UwYzI1MTJlNSIsInVzZXJfaWQiOjF9.f96RGJnBofBjynhjduKtxvaU-mydxpLw1JIr33TASOY",
    "created_at": "2026-03-31T22:46:39.752Z",
    "expires_at": "2026-04-07T22:46:39Z"
  }
},
{
  "model": "token_blacklist.outstandingtoken",
  "pk": 64,
  "fields": {
    "user": [
      "fezepobylo@mailinator.com"
    ],
    "jti": "49af2d206b9f442cb189556190b11dd1",
    "token": "eyJhbGciOiJIUzI1NiIsInR5cCI6IkpXVCJ9.eyJ0b2tlbl90eXBlIjoicmVmcmVzaCIsImV4cCI6MTc3NTYwMjIzOCwiaWF0IjoxNzc0OTk3NDM4LCJqdGkiOiI0OWFmMmQyMDZiOWY0NDJjYjE4OTU1NjE5MGIxMWRkMSIsInVzZXJfaWQiOjh9.axR-YHhAZc6VcYrokwvOivTthvJEl8fOAgd8hk10xlc",
    "created_at": "2026-03-31T22:50:38.489Z",
    "expires_at": "2026-04-07T22:50:38Z"
  }
},
{
  "model": "token_blacklist.outstandingtoken",
  "pk": 65,
  "fields": {
    "user": [
      "fydetekoj@mailinator.com"
    ],
    "jti": "5934328cf0e84e5fb069620227bf629b",
    "token": "eyJhbGciOiJIUzI1NiIsInR5cCI6IkpXVCJ9.eyJ0b2tlbl90eXBlIjoicmVmcmVzaCIsImV4cCI6MTc3NTYwMzE5OSwiaWF0IjoxNzc0OTk4Mzk5LCJqdGkiOiI1OTM0MzI4Y2YwZTg0ZTVmYjA2OTYyMDIyN2JmNjI5YiIsInVzZXJfaWQiOjE1fQ.qS5ZQDsE9lQr6NDWHnKgVTdYKZ1svb_UQB2DwVXIfyg",
    "created_at": "2026-03-31T23:06:39.811Z",
    "expires_at": "2026-04-07T23:06:39Z"
  }
},
{
  "model": "token_blacklist.outstandingtoken",
  "pk": 66,
  "fields": {
    "user": [
      "fydetekoj@mailinator.com"
    ],
    "jti": "20d8b0bf92014076bfa78d6ddbd43c35",
    "token": "eyJhbGciOiJIUzI1NiIsInR5cCI6IkpXVCJ9.eyJ0b2tlbl90eXBlIjoicmVmcmVzaCIsImV4cCI6MTc3NTYwMzQzNywiaWF0IjoxNzc0OTk4NjM3LCJqdGkiOiIyMGQ4YjBiZjkyMDE0MDc2YmZhNzhkNmRkYmQ0M2MzNSIsInVzZXJfaWQiOjE1fQ.SkJRHeOlTqgDPgIvbsf30nz9dKhJ3-oQNFIINJmjUVs",
    "created_at": "2026-03-31T23:10:37.569Z",
    "expires_at": "2026-04-07T23:10:37Z"
  }
},
{
  "model": "token_blacklist.outstandingtoken",
  "pk": 67,
  "fields": {
    "user": [
      "admin@gmail.com"
    ],
    "jti": "2234f2a5f2844e6ea3dd123841ff24ee",
    "token": "eyJhbGciOiJIUzI1NiIsInR5cCI6IkpXVCJ9.eyJ0b2tlbl90eXBlIjoicmVmcmVzaCIsImV4cCI6MTc3NTYwMzQ0MywiaWF0IjoxNzc0OTk4NjQzLCJqdGkiOiIyMjM0ZjJhNWYyODQ0ZTZlYTNkZDEyMzg0MWZmMjRlZSIsInVzZXJfaWQiOjF9.P4RJAaH8IHLgVcedRMn_XAntBu2HvkbRXA8K5BQxorc",
    "created_at": "2026-03-31T23:10:43.707Z",
    "expires_at": "2026-04-07T23:10:43Z"
  }
},
{
  "model": "token_blacklist.outstandingtoken",
  "pk": 68,
  "fields": {
    "user": [
      "admin@gmail.com"
    ],
    "jti": "061e78e5473949d6bc1eeed023b4a514",
    "token": "eyJhbGciOiJIUzI1NiIsInR5cCI6IkpXVCJ9.eyJ0b2tlbl90eXBlIjoicmVmcmVzaCIsImV4cCI6MTc3NTY3NzEzNywiaWF0IjoxNzc1MDcyMzM3LCJqdGkiOiIwNjFlNzhlNTQ3Mzk0OWQ2YmMxZWVlZDAyM2I0YTUxNCIsInVzZXJfaWQiOjF9.Hit5K7u8qeSgs9getGR5Z5EJbNdmTc_sIr6bwWETYnw",
    "created_at": "2026-04-01T19:38:57.841Z",
    "expires_at": "2026-04-08T19:38:57Z"
  }
},
{
  "model": "token_blacklist.outstandingtoken",
  "pk": 69,
  "fields": {
    "user": [
      "admin@gmail.com"
    ],
    "jti": "e38306a453734cd4a1211f8d18889826",
    "token": "eyJhbGciOiJIUzI1NiIsInR5cCI6IkpXVCJ9.eyJ0b2tlbl90eXBlIjoicmVmcmVzaCIsImV4cCI6MTc3NTc1MTc5NywiaWF0IjoxNzc1MTQ2OTk3LCJqdGkiOiJlMzgzMDZhNDUzNzM0Y2Q0YTEyMTFmOGQxODg4OTgyNiIsInVzZXJfaWQiOjF9.gbtfX3q0WBzdG5XNUcI4SdOWkHTMl06TC5llLCHzf08",
    "created_at": "2026-04-02T16:23:17.197Z",
    "expires_at": "2026-04-09T16:23:17Z"
  }
},
{
  "model": "token_blacklist.outstandingtoken",
  "pk": 70,
  "fields": {
    "user": [
      "muhenoqoza@mailinator.com"
    ],
    "jti": "ff68accf68dc4cb69488507e56f50aa9",
    "token": "eyJhbGciOiJIUzI1NiIsInR5cCI6IkpXVCJ9.eyJ0b2tlbl90eXBlIjoicmVmcmVzaCIsImV4cCI6MTc3NTc1MTkxMywiaWF0IjoxNzc1MTQ3MTEzLCJqdGkiOiJmZjY4YWNjZjY4ZGM0Y2I2OTQ4ODUwN2U1NmY1MGFhOSIsInVzZXJfaWQiOjE2fQ.n4qZtdA7GDbCA21NmZbGwSIdFfMb2CHqwVxKPRrtMgo",
    "created_at": "2026-04-02T16:25:13.529Z",
    "expires_at": "2026-04-09T16:25:13Z"
  }
},
{
  "model": "token_blacklist.outstandingtoken",
  "pk": 71,
  "fields": {
    "user": [
      "cugi@mailinator.com"
    ],
    "jti": "10a79eaa5d0c4896b5f70db7e78cc4f2",
    "token": "eyJhbGciOiJIUzI1NiIsInR5cCI6IkpXVCJ9.eyJ0b2tlbl90eXBlIjoicmVmcmVzaCIsImV4cCI6MTc3NTc1MjUzNiwiaWF0IjoxNzc1MTQ3NzM2LCJqdGkiOiIxMGE3OWVhYTVkMGM0ODk2YjVmNzBkYjdlNzhjYzRmMiIsInVzZXJfaWQiOjE3fQ.BARIPwkx8tViXCA5A6g6JUg2bDqwiVKIrT2LOJWVtak",
    "created_at": "2026-04-02T16:35:36.389Z",
    "expires_at": "2026-04-09T16:35:36Z"
  }
},
{
  "model": "token_blacklist.outstandingtoken",
  "pk": 72,
  "fields": {
    "user": [
      "qarev@mailinator.com"
    ],
    "jti": "d6217c74d535460faffcb5fccb2ea779",
    "token": "eyJhbGciOiJIUzI1NiIsInR5cCI6IkpXVCJ9.eyJ0b2tlbl90eXBlIjoicmVmcmVzaCIsImV4cCI6MTc3NTc1Mjc1OSwiaWF0IjoxNzc1MTQ3OTU5LCJqdGkiOiJkNjIxN2M3NGQ1MzU0NjBmYWZmY2I1ZmNjYjJlYTc3OSIsInVzZXJfaWQiOjE4fQ.5D-wH1-GJALqNR85MVw28OWeQJVkGvsYy3u5yh1dsyA",
    "created_at": "2026-04-02T16:39:19.310Z",
    "expires_at": "2026-04-09T16:39:19Z"
  }
},
{
  "model": "token_blacklist.outstandingtoken",
  "pk": 73,
  "fields": {
    "user": [
      "fezepobylo@mailinator.com"
    ],
    "jti": "dde3a66ae54047ff9d58efc1130f5a48",
    "token": "eyJhbGciOiJIUzI1NiIsInR5cCI6IkpXVCJ9.eyJ0b2tlbl90eXBlIjoicmVmcmVzaCIsImV4cCI6MTc3NTc1MjgxNCwiaWF0IjoxNzc1MTQ4MDE0LCJqdGkiOiJkZGUzYTY2YWU1NDA0N2ZmOWQ1OGVmYzExMzBmNWE0OCIsInVzZXJfaWQiOjh9.Xku5lxRzfHrAAMxAspg_8dvqoRhgzhC1mTaSsFYspw8",
    "created_at": "2026-04-02T16:40:14.502Z",
    "expires_at": "2026-04-09T16:40:14Z"
  }
},
{
  "model": "token_blacklist.outstandingtoken",
  "pk": 74,
  "fields": {
    "user": [
      "fezepobylo@mailinator.com"
    ],
    "jti": "5895ea476f5e4da4a20d6eec94d53347",
    "token": "eyJhbGciOiJIUzI1NiIsInR5cCI6IkpXVCJ9.eyJ0b2tlbl90eXBlIjoicmVmcmVzaCIsImV4cCI6MTc3NTc1NzQyOSwiaWF0IjoxNzc1MTUyNjI5LCJqdGkiOiI1ODk1ZWE0NzZmNWU0ZGE0YTIwZDZlZWM5NGQ1MzM0NyIsInVzZXJfaWQiOjh9.EZJZ_xwmNXAXQYFVd7QrzmrLAhz6wT0YVvVnNpZaSk4",
    "created_at": "2026-04-02T17:57:09.879Z",
    "expires_at": "2026-04-09T17:57:09Z"
  }
},
{
  "model": "token_blacklist.outstandingtoken",
  "pk": 75,
  "fields": {
    "user": [
      "admin@gmail.com"
    ],
    "jti": "a6692ff1c24b484e8bac84d8dbe1a160",
    "token": "eyJhbGciOiJIUzI1NiIsInR5cCI6IkpXVCJ9.eyJ0b2tlbl90eXBlIjoicmVmcmVzaCIsImV4cCI6MTc3NTc1NzQ5MiwiaWF0IjoxNzc1MTUyNjkyLCJqdGkiOiJhNjY5MmZmMWMyNGI0ODRlOGJhYzg0ZDhkYmUxYTE2MCIsInVzZXJfaWQiOjF9.wSOyqMj47TtJzx9osQvq9UD9wAQx8-thcyCVx45Dj5Y",
    "created_at": "2026-04-02T17:58:12.424Z",
    "expires_at": "2026-04-09T17:58:12Z"
  }
},
{
  "model": "token_blacklist.outstandingtoken",
  "pk": 76,
  "fields": {
    "user": [
      "aguemespoir@gmail.com"
    ],
    "jti": "1702c75a2c7f4a69893f2bd620f75b48",
    "token": "eyJhbGciOiJIUzI1NiIsInR5cCI6IkpXVCJ9.eyJ0b2tlbl90eXBlIjoicmVmcmVzaCIsImV4cCI6MTc3NTc1ODE5MCwiaWF0IjoxNzc1MTUzMzkwLCJqdGkiOiIxNzAyYzc1YTJjN2Y0YTY5ODkzZjJiZDYyMGY3NWI0OCIsInVzZXJfaWQiOjIwfQ.ml6gJ-xRNvsvuEGTJ7UZJbRDaPKSjHx3XquqKl-r9RQ",
    "created_at": "2026-04-02T18:09:50.837Z",
    "expires_at": "2026-04-09T18:09:50Z"
  }
},
{
  "model": "token_blacklist.outstandingtoken",
  "pk": 77,
  "fields": {
    "user": [
      "admin@gmail.com"
    ],
    "jti": "1e8774c159934894a5731655e11ed8ec",
    "token": "eyJhbGciOiJIUzI1NiIsInR5cCI6IkpXVCJ9.eyJ0b2tlbl90eXBlIjoicmVmcmVzaCIsImV4cCI6MTc3NTc1ODI3MSwiaWF0IjoxNzc1MTUzNDcxLCJqdGkiOiIxZTg3NzRjMTU5OTM0ODk0YTU3MzE2NTVlMTFlZDhlYyIsInVzZXJfaWQiOjF9.DVvrLf-FeOIcSVF7Z9WJMpuLrozMlud9CFSbT1scqhw",
    "created_at": "2026-04-02T18:11:11.089Z",
    "expires_at": "2026-04-09T18:11:11Z"
  }
},
{
  "model": "token_blacklist.outstandingtoken",
  "pk": 78,
  "fields": {
    "user": [
      "fezepobylo@mailinator.com"
    ],
    "jti": "1fd28487bad84ee9a9196db63217a9c6",
    "token": "eyJhbGciOiJIUzI1NiIsInR5cCI6IkpXVCJ9.eyJ0b2tlbl90eXBlIjoicmVmcmVzaCIsImV4cCI6MTc3NTc1ODUyMiwiaWF0IjoxNzc1MTUzNzIyLCJqdGkiOiIxZmQyODQ4N2JhZDg0ZWU5YTkxOTZkYjYzMjE3YTljNiIsInVzZXJfaWQiOjh9.E87SmoHbcLZ7qQUiwcRZjRgvwje74USp3ricjsehodo",
    "created_at": "2026-04-02T18:15:22.929Z",
    "expires_at": "2026-04-09T18:15:22Z"
  }
},
{
  "model": "token_blacklist.outstandingtoken",
  "pk": 79,
  "fields": {
    "user": [
      "aguemespoir@gmail.com"
    ],
    "jti": "41cb0a898c6648c087800766d11828c3",
    "token": "eyJhbGciOiJIUzI1NiIsInR5cCI6IkpXVCJ9.eyJ0b2tlbl90eXBlIjoicmVmcmVzaCIsImV4cCI6MTc3NTc1OTMwNywiaWF0IjoxNzc1MTU0NTA3LCJqdGkiOiI0MWNiMGE4OThjNjY0OGMwODc4MDA3NjZkMTE4MjhjMyIsInVzZXJfaWQiOjIwfQ.FdvSo0huhnoar-sc6dH1vsVSlEmAts-MlIs2C92Ppbc",
    "created_at": "2026-04-02T18:28:27.688Z",
    "expires_at": "2026-04-09T18:28:27Z"
  }
},
{
  "model": "token_blacklist.outstandingtoken",
  "pk": 80,
  "fields": {
    "user": [
      "admin@gmail.com"
    ],
    "jti": "ec067ce12ab3454689dc222a7aed6d7b",
    "token": "eyJhbGciOiJIUzI1NiIsInR5cCI6IkpXVCJ9.eyJ0b2tlbl90eXBlIjoicmVmcmVzaCIsImV4cCI6MTc3NTg1MDgyNSwiaWF0IjoxNzc1MjQ2MDI1LCJqdGkiOiJlYzA2N2NlMTJhYjM0NTQ2ODlkYzIyMmE3YWVkNmQ3YiIsInVzZXJfaWQiOjF9.YflQkEmfJG4D7QhC8BTkat2DECE4hSsSM71576lNfIQ",
    "created_at": "2026-04-03T19:53:45.193Z",
    "expires_at": "2026-04-10T19:53:45Z"
  }
}
]
