[
{
  "model": "token_blacklist.outstandingtoken",
  "pk": 1,
  "fields": {
    "user": 1,
    "jti": "5a6fb255ce45484f82683c69c15d56a3",
    "token": "eyJhbGciOiJIUzI1NiIsInR5cCI6IkpXVCJ9.eyJ0b2tlbl90eXBlIjoicmVmcmVzaCIsImV4cCI6MTc3NTQ3NDY4NiwiaWF0IjoxNzc0ODY5ODg2LCJqdGkiOiI1YTZmYjI1NWNlNDU0ODRmODI2ODNjNjljMTVkNTZhMyIsInVzZXJfaWQiOiIxIn0.dcfWUP34qSN_L-vh-zOJJ5PPEnVHMBUmN6HRHq-0EUM",
    "created_at": "2026-03-30T11:24:46.472Z",
    "expires_at": "2026-04-06T11:24:46Z"
  }
},
{
  "model": "token_blacklist.outstandingtoken",
  "pk": 2,
  "fields": {
    "user": 2,
    "jti": "75737b2791c744c0ba6d24d8cf45d4b1",
    "token": "eyJhbGciOiJIUzI1NiIsInR5cCI6IkpXVCJ9.eyJ0b2tlbl90eXBlIjoicmVmcmVzaCIsImV4cCI6MTc3NTQ3NTc5MSwiaWF0IjoxNzc0ODcwOTkxLCJqdGkiOiI3NTczN2IyNzkxYzc0NGMwYmE2ZDI0ZDhjZjQ1ZDRiMSIsInVzZXJfaWQiOiIyIn0.-jQqTxC0lh5hOs89cXhweBkRqm9beA3rBTvnfAXxrDE",
    "created_at": "2026-03-30T11:43:11.427Z",
    "expires_at": "2026-04-06T11:43:11Z"
  }
},
{
  "model": "token_blacklist.outstandingtoken",
  "pk": 3,
  "fields": {
    "user": 2,
    "jti": "c19dff1c0b3b49d1a1da54c4c0c2f85b",
    "token": "eyJhbGciOiJIUzI1NiIsInR5cCI6IkpXVCJ9.eyJ0b2tlbl90eXBlIjoicmVmcmVzaCIsImV4cCI6MTc3NTQ3NjQ5NiwiaWF0IjoxNzc0ODcxNjk2LCJqdGkiOiJjMTlkZmYxYzBiM2I0OWQxYTFkYTU0YzRjMGMyZjg1YiIsInVzZXJfaWQiOiIyIn0.lco_e2kzFrXOT6ki9nj4xL2h6CKwGO2QSIQ8MU9yeSQ",
    "created_at": "2026-03-30T11:54:56.645Z",
    "expires_at": "2026-04-06T11:54:56Z"
  }
},
{
  "model": "token_blacklist.outstandingtoken",
  "pk": 4,
  "fields": {
    "user": 1,
    "jti": "25a745b9d2864c0780d6848e6a639e52",
    "token": "eyJhbGciOiJIUzI1NiIsInR5cCI6IkpXVCJ9.eyJ0b2tlbl90eXBlIjoicmVmcmVzaCIsImV4cCI6MTc3NTQ3NjUwNSwiaWF0IjoxNzc0ODcxNzA1LCJqdGkiOiIyNWE3NDViOWQyODY0YzA3ODBkNjg0OGU2YTYzOWU1MiIsInVzZXJfaWQiOiIxIn0.mFlTpS3l9qoEF7GX1bd-sJFDOnv5tZbW6Ev-CWZj2o0",
    "created_at": "2026-03-30T11:55:05.554Z",
    "expires_at": "2026-04-06T11:55:05Z"
  }
},
{
  "model": "token_blacklist.outstandingtoken",
  "pk": 5,
  "fields": {
    "user": 3,
    "jti": "4253a87b515d4d418f8c394f4f078b37",
    "token": "eyJhbGciOiJIUzI1NiIsInR5cCI6IkpXVCJ9.eyJ0b2tlbl90eXBlIjoicmVmcmVzaCIsImV4cCI6MTc3NTQ4MDA0MSwiaWF0IjoxNzc0ODc1MjQxLCJqdGkiOiI0MjUzYTg3YjUxNWQ0ZDQxOGY4YzM5NGY0ZjA3OGIzNyIsInVzZXJfaWQiOiIzIn0.gd_1LPi1NQGKqdhFqd83gUBmzlqMoWx99bSdFuigBrs",
    "created_at": "2026-03-30T12:54:01.003Z",
    "expires_at": "2026-04-06T12:54:01Z"
  }
},
{
  "model": "token_blacklist.outstandingtoken",
  "pk": 6,
  "fields": {
    "user": 1,
    "jti": "bdd0ac68ccf6476c938132952705ac98",
    "token": "eyJhbGciOiJIUzI1NiIsInR5cCI6IkpXVCJ9.eyJ0b2tlbl90eXBlIjoicmVmcmVzaCIsImV4cCI6MTc3NTQ4MDA4MywiaWF0IjoxNzc0ODc1MjgzLCJqdGkiOiJiZGQwYWM2OGNjZjY0NzZjOTM4MTMyOTUyNzA1YWM5OCIsInVzZXJfaWQiOiIxIn0.MM8Y1iSoNdridvlhheBLf6mkLX0ec8uupBqF1zl3Nto",
    "created_at": "2026-03-30T12:54:43.802Z",
    "expires_at": "2026-04-06T12:54:43Z"
  }
},
{
  "model": "token_blacklist.outstandingtoken",
  "pk": 7,
  "fields": {
    "user": 2,
    "jti": "d7dfc58ca1bc4f688d9788d4ffc8cdda",
    "token": "eyJhbGciOiJIUzI1NiIsInR5cCI6IkpXVCJ9.eyJ0b2tlbl90eXBlIjoicmVmcmVzaCIsImV4cCI6MTc3NTQ4MDMwNywiaWF0IjoxNzc0ODc1NTA3LCJqdGkiOiJkN2RmYzU4Y2ExYmM0ZjY4OGQ5Nzg4ZDRmZmM4Y2RkYSIsInVzZXJfaWQiOiIyIn0.bHycAShQuhlqzVGjj0Ykx0Xw5ZLVVGLZ55KXchvj3_4",
    "created_at": "2026-03-30T12:58:27.203Z",
    "expires_at": "2026-04-06T12:58:27Z"
  }
},
{
  "model": "token_blacklist.outstandingtoken",
  "pk": 8,
  "fields": {
    "user": 4,
    "jti": "7a130b7525f24c6ca34e1d6e9587c740",
    "token": "eyJhbGciOiJIUzI1NiIsInR5cCI6IkpXVCJ9.eyJ0b2tlbl90eXBlIjoicmVmcmVzaCIsImV4cCI6MTc3NTQ4MTczOCwiaWF0IjoxNzc0ODc2OTM4LCJqdGkiOiI3YTEzMGI3NTI1ZjI0YzZjYTM0ZTFkNmU5NTg3Yzc0MCIsInVzZXJfaWQiOiI0In0.oZDWKg795lN49VA9oj5D8xO7Uhx5ojihBeE7XPVCDes",
    "created_at": "2026-03-30T13:22:18.595Z",
    "expires_at": "2026-04-06T13:22:18Z"
  }
},
{
  "model": "token_blacklist.outstandingtoken",
  "pk": 9,
  "fields": {
    "user": 1,
    "jti": "dd1b78f39e9e483d9102131c59a4b1b4",
    "token": "eyJhbGciOiJIUzI1NiIsInR5cCI6IkpXVCJ9.eyJ0b2tlbl90eXBlIjoicmVmcmVzaCIsImV4cCI6MTc3NTQ4MTg0MiwiaWF0IjoxNzc0ODc3MDQyLCJqdGkiOiJkZDFiNzhmMzllOWU0ODNkOTEwMjEzMWM1OWE0YjFiNCIsInVzZXJfaWQiOiIxIn0.KALedIsBmaB2SxcJWvfee3yOmFIMAvD0Pobj7ExUI70",
    "created_at": "2026-03-30T13:24:02.060Z",
    "expires_at": "2026-04-06T13:24:02Z"
  }
},
{
  "model": "token_blacklist.outstandingtoken",
  "pk": 10,
  "fields": {
    "user": 5,
    "jti": "03bb99e9d1c24032ae2fedbb913a837b",
    "token": "eyJhbGciOiJIUzI1NiIsInR5cCI6IkpXVCJ9.eyJ0b2tlbl90eXBlIjoicmVmcmVzaCIsImV4cCI6MTc3NTQ4MjM0NiwiaWF0IjoxNzc0ODc3NTQ2LCJqdGkiOiIwM2JiOTllOWQxYzI0MDMyYWUyZmVkYmI5MTNhODM3YiIsInVzZXJfaWQiOiI1In0.X15kLLDTb9gpcoOkuqZzEVfagQ5bWhAK_-kjA0wZexU",
    "created_at": "2026-03-30T13:32:26.038Z",
    "expires_at": "2026-04-06T13:32:26Z"
  }
},
{
  "model": "token_blacklist.outstandingtoken",
  "pk": 11,
  "fields": {
    "user": 1,
    "jti": "cc514064e02f4becb33ed096ea0c73a9",
    "token": "eyJhbGciOiJIUzI1NiIsInR5cCI6IkpXVCJ9.eyJ0b2tlbl90eXBlIjoicmVmcmVzaCIsImV4cCI6MTc3NTQ4MjQzMSwiaWF0IjoxNzc0ODc3NjMxLCJqdGkiOiJjYzUxNDA2NGUwMmY0YmVjYjMzZWQwOTZlYTBjNzNhOSIsInVzZXJfaWQiOiIxIn0.JVFN7bEguzhEd4YPQKyLneQQm8L1WOtDcBGPOfnlJjk",
    "created_at": "2026-03-30T13:33:51.513Z",
    "expires_at": "2026-04-06T13:33:51Z"
  }
},
{
  "model": "token_blacklist.outstandingtoken",
  "pk": 12,
  "fields": {
    "user": 5,
    "jti": "a78fe32967574ab48b31e3457de86ae1",
    "token": "eyJhbGciOiJIUzI1NiIsInR5cCI6IkpXVCJ9.eyJ0b2tlbl90eXBlIjoicmVmcmVzaCIsImV4cCI6MTc3NTQ4MjQ3MSwiaWF0IjoxNzc0ODc3NjcxLCJqdGkiOiJhNzhmZTMyOTY3NTc0YWI0OGIzMWUzNDU3ZGU4NmFlMSIsInVzZXJfaWQiOiI1In0.e_kR_3vMp9qRV76u4E95RpYEm6dXQDwv-IBjqhjQ8Lc",
    "created_at": "2026-03-30T13:34:31.903Z",
    "expires_at": "2026-04-06T13:34:31Z"
  }
},
{
  "model": "token_blacklist.outstandingtoken",
  "pk": 13,
  "fields": {
    "user": 1,
    "jti": "637e4a6159714e8588290419a2c34fb7",
    "token": "eyJhbGciOiJIUzI1NiIsInR5cCI6IkpXVCJ9.eyJ0b2tlbl90eXBlIjoicmVmcmVzaCIsImV4cCI6MTc3NTQ4MjU3NywiaWF0IjoxNzc0ODc3Nzc3LCJqdGkiOiI2MzdlNGE2MTU5NzE0ZTg1ODgyOTA0MTlhMmMzNGZiNyIsInVzZXJfaWQiOiIxIn0.ObMJ-JEW6JHKkt1BnT0vbATcapVDtvdCudLhkJ37nBU",
    "created_at": "2026-03-30T13:36:17.322Z",
    "expires_at": "2026-04-06T13:36:17Z"
  }
},
{
  "model": "token_blacklist.outstandingtoken",
  "pk": 14,
  "fields": {
    "user": 5,
    "jti": "da0133528e9d4b40af979c99de3a6177",
    "token": "eyJhbGciOiJIUzI1NiIsInR5cCI6IkpXVCJ9.eyJ0b2tlbl90eXBlIjoicmVmcmVzaCIsImV4cCI6MTc3NTQ4MjYyMSwiaWF0IjoxNzc0ODc3ODIxLCJqdGkiOiJkYTAxMzM1MjhlOWQ0YjQwYWY5NzljOTlkZTNhNjE3NyIsInVzZXJfaWQiOiI1In0.M6F4GDJDakeDfXlR2qo0zCANa2AICgdbRPV1ojAHnrY",
    "created_at": "2026-03-30T13:37:01.706Z",
    "expires_at": "2026-04-06T13:37:01Z"
  }
},
{
  "model": "token_blacklist.outstandingtoken",
  "pk": 15,
  "fields": {
    "user": 4,
    "jti": "8b8ba9cdb027457a9b074c0ed70f54b1",
    "token": "eyJhbGciOiJIUzI1NiIsInR5cCI6IkpXVCJ9.eyJ0b2tlbl90eXBlIjoicmVmcmVzaCIsImV4cCI6MTc3NTQ4MjY4NCwiaWF0IjoxNzc0ODc3ODg0LCJqdGkiOiI4YjhiYTljZGIwMjc0NTdhOWIwNzRjMGVkNzBmNTRiMSIsInVzZXJfaWQiOiI0In0.2xhp17BGM0w3ya7dtlV3I403YnQG1Dthi_f6mnluu7o",
    "created_at": "2026-03-30T13:38:04.221Z",
    "expires_at": "2026-04-06T13:38:04Z"
  }
},
{
  "model": "token_blacklist.outstandingtoken",
  "pk": 16,
  "fields": {
    "user": 4,
    "jti": "994040fe41b14cb7b020aac316a393dd",
    "token": "eyJhbGciOiJIUzI1NiIsInR5cCI6IkpXVCJ9.eyJ0b2tlbl90eXBlIjoicmVmcmVzaCIsImV4cCI6MTc3NTQ5Njc1OCwiaWF0IjoxNzc0ODkxOTU4LCJqdGkiOiI5OTQwNDBmZTQxYjE0Y2I3YjAyMGFhYzMxNmEzOTNkZCIsInVzZXJfaWQiOiI0In0.glqWn5MN81vHI52_PahsstzdkI9MqkO38JxHumq5s-s",
    "created_at": "2026-03-30T17:32:38.518Z",
    "expires_at": "2026-04-06T17:32:38Z"
  }
},
{
  "model": "token_blacklist.outstandingtoken",
  "pk": 17,
  "fields": {
    "user": 1,
    "jti": "63d5bb31e81845aba6f6028effc9153b",
    "token": "eyJhbGciOiJIUzI1NiIsInR5cCI6IkpXVCJ9.eyJ0b2tlbl90eXBlIjoicmVmcmVzaCIsImV4cCI6MTc3NTQ5Nzk3MSwiaWF0IjoxNzc0ODkzMTcxLCJqdGkiOiI2M2Q1YmIzMWU4MTg0NWFiYTZmNjAyOGVmZmM5MTUzYiIsInVzZXJfaWQiOiIxIn0.zLhK8wL8IsasybGxUjSMsi3E_nTdW7V7TYFxXXOR_Z4",
    "created_at": "2026-03-30T17:52:51.969Z",
    "expires_at": "2026-04-06T17:52:51Z"
  }
},
{
  "model": "token_blacklist.blacklistedtoken",
  "pk": 1,
  "fields": {
    "token": 2,
    "blacklisted_at": "2026-03-30T11:54:56.649Z"
  }
},
{
  "model": "token_blacklist.blacklistedtoken",
  "pk": 2,
  "fields": {
    "token": 15,
    "blacklisted_at": "2026-03-30T17:32:38.545Z"
  }
},
{
  "model": "accounts.user",
  "pk": 1,
  "fields": {
    "password": "pbkdf2_sha256$1000000$b8Mv2YWGAWOxaYAEsOin5G$C2ZmlX0zsteE5DKBlGVAeUHnM738leQiNMJQSvKYIaE=",
    "last_login": null,
    "is_superuser": true,
    "email": "admin@gmail.com",
    "phone": null,
    "role": "admin",
    "is_active": true,
    "is_verified": true,
    "is_staff": true,
    "date_joined": "2026-03-30T11:24:35.994Z",
    "groups": [],
    "user_permissions": []
  }
},
{
  "model": "accounts.user",
  "pk": 2,
  "fields": {
    "password": "pbkdf2_sha256$1000000$kKVsaq5Zf9qBW4r79XS1Fp$sYhJYUTIQ+KBigY1+XgTJeM5Z3HLJ2te0q+Mu3vqkTE=",
    "last_login": null,
    "is_superuser": false,
    "email": "sekuqeb@mailinator.com",
    "phone": "+1 (344) 185-6295",
    "role": "patient",
    "is_active": true,
    "is_verified": true,
    "is_staff": false,
    "date_joined": "2026-03-30T11:42:55.431Z",
    "groups": [],
    "user_permissions": []
  }
},
{
  "model": "accounts.user",
  "pk": 3,
  "fields": {
    "password": "pbkdf2_sha256$1000000$Z6wiuZqKOkQ3tu7zdjxp3O$+Rmb0PvGcQc+56mx2rdJvu8hal5xqIILlViZVseos+U=",
    "last_login": null,
    "is_superuser": false,
    "email": "nizyvozopy@mailinator.com",
    "phone": "+1 (208) 919-2076",
    "role": "agent",
    "is_active": true,
    "is_verified": true,
    "is_staff": false,
    "date_joined": "2026-03-30T12:53:50.354Z",
    "groups": [],
    "user_permissions": []
  }
},
{
  "model": "accounts.user",
  "pk": 4,
  "fields": {
    "password": "pbkdf2_sha256$1000000$zDYzgHINYi8zfU1oiBGLYj$7/jOmZqqm6E+TXpaV4ozM7v/rWQMhC7hJerRE1czdSk=",
    "last_login": null,
    "is_superuser": false,
    "email": "xuvo@mailinator.com",
    "phone": "+1 (659) 507-4345",
    "role": "patient",
    "is_active": true,
    "is_verified": true,
    "is_staff": false,
    "date_joined": "2026-03-30T13:22:01.417Z",
    "groups": [],
    "user_permissions": []
  }
},
{
  "model": "accounts.user",
  "pk": 5,
  "fields": {
    "password": "pbkdf2_sha256$1000000$BLVWv8R08ZY7ry4v93hegM$kocsRDbxzFr7LQl0pBi+eDuBaYOgqVQseBJ4Lgy90cU=",
    "last_login": null,
    "is_superuser": false,
    "email": "tebajeh@mailinator.com",
    "phone": "+1 (893) 616-2336",
    "role": "agent",
    "is_active": true,
    "is_verified": true,
    "is_staff": false,
    "date_joined": "2026-03-30T13:32:19.540Z",
    "groups": [],
    "user_permissions": []
  }
},
{
  "model": "accounts.otpverification",
  "pk": 1,
  "fields": {
    "user": 2,
    "code": "555640",
    "created_at": "2026-03-30T11:42:55.445Z",
    "expires_at": "2026-03-30T11:52:55.444Z",
    "is_used": true
  }
},
{
  "model": "accounts.otpverification",
  "pk": 2,
  "fields": {
    "user": 3,
    "code": "634853",
    "created_at": "2026-03-30T12:53:50.371Z",
    "expires_at": "2026-03-30T13:03:50.370Z",
    "is_used": true
  }
},
{
  "model": "accounts.otpverification",
  "pk": 3,
  "fields": {
    "user": 4,
    "code": "882641",
    "created_at": "2026-03-30T13:22:01.425Z",
    "expires_at": "2026-03-30T13:32:01.424Z",
    "is_used": true
  }
},
{
  "model": "accounts.otpverification",
  "pk": 4,
  "fields": {
    "user": 5,
    "code": "220590",
    "created_at": "2026-03-30T13:32:19.548Z",
    "expires_at": "2026-03-30T13:42:19.548Z",
    "is_used": true
  }
},
{
  "model": "agents.residencezone",
  "pk": 13,
  "fields": {
    "name": "Kodjoviakope",
    "city": "Lome"
  }
},
{
  "model": "agents.residencezone",
  "pk": 14,
  "fields": {
    "name": "Nyekonakpoe",
    "city": "Lome"
  }
},
{
  "model": "agents.residencezone",
  "pk": 15,
  "fields": {
    "name": "Be",
    "city": "Lome"
  }
},
{
  "model": "agents.residencezone",
  "pk": 16,
  "fields": {
    "name": "Adidogome",
    "city": "Lome"
  }
},
{
  "model": "agents.residencezone",
  "pk": 17,
  "fields": {
    "name": "Agoe",
    "city": "Lome"
  }
},
{
  "model": "agents.residencezone",
  "pk": 18,
  "fields": {
    "name": "Hedzranawoe",
    "city": "Lome"
  }
},
{
  "model": "agents.residencezone",
  "pk": 19,
  "fields": {
    "name": "Ablogame",
    "city": "Lome"
  }
},
{
  "model": "agents.residencezone",
  "pk": 20,
  "fields": {
    "name": "Kpota",
    "city": "Aneho"
  }
},
{
  "model": "agents.residencezone",
  "pk": 21,
  "fields": {
    "name": "Zongo",
    "city": "Atakpame"
  }
},
{
  "model": "agents.residencezone",
  "pk": 22,
  "fields": {
    "name": "Komah",
    "city": "Atakpame"
  }
},
{
  "model": "agents.residencezone",
  "pk": 23,
  "fields": {
    "name": "Kpangalam",
    "city": "Sokode"
  }
},
{
  "model": "agents.residencezone",
  "pk": 24,
  "fields": {
    "name": "Komah Bas",
    "city": "Sokode"
  }
},
{
  "model": "agents.agentprofile",
  "pk": 1,
  "fields": {
    "user": 3,
    "full_name": "Kyle Rivers",
    "bio": "",
    "avatar": "",
    "professional_id": "Quasi delectus at e",
    "specialization": "Médecin généraliste",
    "experience_years": 3,
    "approval_status": "approved",
    "is_available": false,
    "residence_zone": null,
    "latitude": null,
    "longitude": null,
    "created_at": "2026-03-30T12:53:50.367Z",
    "updated_at": "2026-03-30T12:55:38.850Z"
  }
},
{
  "model": "agents.agentprofile",
  "pk": 2,
  "fields": {
    "user": 5,
    "full_name": "Micah Bailey",
    "bio": "",
    "avatar": "",
    "professional_id": "123456",
    "specialization": "Infirmier",
    "experience_years": 3,
    "approval_status": "approved",
    "is_available": false,
    "residence_zone": null,
    "latitude": null,
    "longitude": null,
    "created_at": "2026-03-30T13:32:19.543Z",
    "updated_at": "2026-03-30T13:36:21.368Z"
  }
},
{
  "model": "patients.plan",
  "pk": 1,
  "fields": {
    "name": "Silver",
    "description": "Suivi de base a domicile avec accompagnement mensuel.",
    "price": "2500.00",
    "visits_per_month": 1,
    "features": [
      "1 visite par mois",
      "Support WhatsApp",
      "Rappel des medicaments"
    ],
    "is_active": true,
    "created_at": "2026-03-30T11:41:39.457Z"
  }
},
{
  "model": "patients.plan",
  "pk": 2,
  "fields": {
    "name": "Gold",
    "description": "Suivi renforce avec visites plus frequentes.",
    "price": "4500.00",
    "visits_per_month": 2,
    "features": [
      "2 visites par mois",
      "Support prioritaire",
      "Suivi des signes vitaux"
    ],
    "is_active": true,
    "created_at": "2026-03-30T11:41:39.461Z"
  }
},
{
  "model": "patients.plan",
  "pk": 3,
  "fields": {
    "name": "Platinum",
    "description": "Accompagnement premium pour suivi intensif.",
    "price": "7000.00",
    "visits_per_month": 4,
    "features": [
      "4 visites par mois",
      "Coordination medicale",
      "Rapport detaille mensuel"
    ],
    "is_active": true,
    "created_at": "2026-03-30T11:41:39.463Z"
  }
},
{
  "model": "patients.patientprofile",
  "pk": 1,
  "fields": {
    "user": 2,
    "full_name": "Brendan Cervantes",
    "date_of_birth": "2023-03-27",
    "gender": "other",
    "avatar": "",
    "address": "Itaque perferendis i",
    "city": "Les Cayes",
    "zone": null,
    "emergency_contact_name": "",
    "emergency_contact_phone": "",
    "health_notes": "",
    "created_at": "2026-03-30T11:42:55.443Z",
    "updated_at": "2026-03-30T11:42:55.443Z"
  }
},
{
  "model": "patients.patientprofile",
  "pk": 2,
  "fields": {
    "user": 4,
    "full_name": "Teegan Delgado",
    "date_of_birth": "2006-07-15",
    "gender": "female",
    "avatar": "",
    "address": "Est delectus sit",
    "city": "Les Cayes",
    "zone": null,
    "emergency_contact_name": "",
    "emergency_contact_phone": "",
    "health_notes": "",
    "created_at": "2026-03-30T13:22:01.423Z",
    "updated_at": "2026-03-30T13:22:01.423Z"
  }
},
{
  "model": "patients.subscription",
  "pk": 1,
  "fields": {
    "patient": 1,
    "plan": 1,
    "start_date": "2026-03-30",
    "end_date": "2026-04-29",
    "status": "active",
    "created_at": "2026-03-30T11:43:11.448Z"
  }
},
{
  "model": "patients.subscription",
  "pk": 2,
  "fields": {
    "patient": 2,
    "plan": 2,
    "start_date": "2026-03-30",
    "end_date": "2026-04-29",
    "status": "active",
    "created_at": "2026-03-30T13:22:18.618Z"
  }
}
]
